STATE/UT,YEAR,STATE AND YEAR,POPULATION,LITERACY RATE,AREA (in sq. km),MURDER,ATTEMPT TO MURDER,CULPABLE HOMICIDE NOT AMOUNTING TO MURDER,RAPE,CUSTODIAL RAPE,OTHER RAPE,KIDNAPPING & ABDUCTION,KIDNAPPING AND ABDUCTION OF WOMEN AND GIRLS,KIDNAPPING AND ABDUCTION OF OTHERS,DACOITY,PREPARATION AND ASSEMBLY FOR DACOITY,ROBBERY,BURGLARY,THEFT,AUTO THEFT,OTHER THEFT,RIOTS,CRIMINAL BREACH OF TRUST,CHEATING,COUNTERFIETING,ARSON,HURT/GREVIOUS HURT,DOWRY DEATHS,ASSAULT ON WOMEN WITH INTENT TO OUTRAGE HER MODESTY,INSULT TO MODESTY OF WOMEN,CRUELTY BY HUSBAND OR HIS RELATIVES,IMPORTATION OF GIRLS FROM FOREIGN COUNTRIES,CAUSING DEATH BY NEGLIGENCE,OTHER IPC CRIMES,CRIMES AGAINST SC,CRIMES AGAINST ST,CRIMES AGAINST CHILDREN,JUVENILES APPREHENDED,POLICEMEN KILLED,THEFT CASES REPOERTED,THEFT VALUE TOTAL,TOTAL  Dacoity,TOTAL  Robbery,TOTAL  Burglary,TOTAL  Theft,Total Petty Crime,Human Rights Violation Cases,Policemen Chargesheeted,Polimen Charged,Crimes Against Women,TOTAL IPC CRIMES
ANDHRA PRADESH,2001,ANDHRA PRADESH2001,76210007,60.47,275045,2602,1555,136,871,0,871,1182,765,417,214,9,629,7220,16751,3051,13700,3001,788,5391,144,872,34947,420,3544,2271,5791,7,7400,34344,2933,512,270,1425,70,24814,423123832,214,629,7220,16751,24814,45,29,2,13669,130089
ARUNACHAL PRADESH,2001,ARUNACHAL PRADESH2001,1097968,54.34,83743,83,53,3,33,0,33,83,55,28,22,2,84,248,443,36,407,24,41,30,4,13,466,0,78,3,11,0,0,618,0,72,0,136,1,797,25830824,22,84,248,443,797,11,6,0,180,2342
ASSAM,2001,ASSAM2001,26655528,63.25,78438,1356,481,40,817,0,817,1480,1070,410,532,14,687,2423,5367,350,5017,2953,374,575,46,441,5805,59,850,4,1248,0,2010,9315,6,0,18,253,34,9009,91939857,532,687,2423,5367,9009,35,0,0,4048,36877
BIHAR,2001,BIHAR2001,82998509,47,94163,3643,3419,250,888,0,888,2159,518,1641,1291,147,2203,3233,9701,1050,8651,8606,946,1659,85,502,7544,859,562,21,1558,83,2406,36667,1303,47,83,576,14,16428,403558199,1291,2203,3233,9701,16428,0,0,0,4489,88432
CHHATTISGARH,2001,CHHATTISGARH2001,20733232,64.66,135191,880,529,45,959,0,959,207,171,36,87,19,338,4144,4812,920,3892,871,154,402,8,215,5477,70,1763,161,840,0,689,15790,501,486,,1191,19,,,87,338,4144,4812,9381,0,0,0,3964,38460
GOA,2001,GOA2001,1347668,82.01,3702,36,30,5,12,0,12,9,6,3,7,0,25,359,576,168,408,64,39,62,2,16,174,2,17,7,11,0,191,697,1,0,,67,1,967,30781416,7,25,359,576,967,,,,55,2341
GUJARAT,2001,GUJARAT2001,50579626,69.14,196024,1226,537,94,286,0,286,998,857,141,327,19,991,5142,15834,5504,10330,1930,1748,1779,55,449,13760,67,756,111,3667,0,2924,50719,1242,309,,2616,38,22294,666892390,327,991,5142,15834,22294,12,8,0,5744,103419
HARYANA,2001,HARYANA2001,21144564,67.91,44212,781,467,78,398,0,398,449,297,152,77,141,397,3109,6117,3022,3095,750,556,1016,37,203,4744,285,478,401,1513,0,856,15906,229,0,,1373,16,9700,351821248,77,397,3109,6117,9700,6,5,0,3372,38759
HIMACHAL PRADESH,2001,HIMACHAL PRADESH2001,6077900,76.48,55673,119,75,11,124,0,124,126,105,21,4,0,28,844,600,142,458,628,69,146,2,134,1403,10,310,14,317,0,483,6052,110,4,,130,2,1476,46853339,4,28,844,600,1476,0,0,0,880,11499
JAMMU & KASHMIR,2001,JAMMU & KASHMIR2001,10143700,55.52,222236,1075,1474,33,169,0,169,606,504,102,24,0,161,1345,1919,633,1286,1072,90,391,15,437,318,13,622,288,50,0,357,9046,10,0,,2,150,3449,98537562,24,161,1345,1919,3449,0,0,0,1646,19505
JHARKHAND,2001,JHARKHAND2001,26945829,53.56,74677,1507,866,143,567,0,567,441,279,162,636,48,647,1266,3827,754,3073,2018,283,554,23,165,2254,217,297,5,484,2,420,8777,158,282,,285,44,,,636,647,1266,3827,6376,1,1,0,1851,25447
KARNATAKA,2001,KARNATAKA2001,52709035,66.06,191791,1626,1475,74,293,0,293,559,271,288,178,36,847,6394,12868,4016,8852,6686,494,2678,131,352,23285,220,1665,81,1755,0,100,47301,1621,276,,693,14,,,178,847,6394,12868,20287,15,5,0,4285,109098
KERALA,2001,KERALA2001,31841374,90.86,38852,472,615,111,562,0,562,183,97,86,176,13,517,4474,5441,1795,3646,8108,428,2756,239,768,19829,27,1942,81,2561,0,0,54544,499,83,,127,4,10608,384465121,176,517,4474,5441,10608,,,,5270,103847
MADHYA PRADESH,2001,MADHYA PRADESH2001,60348023,63.74,308245,2425,2870,125,2851,0,2851,956,668,288,166,130,1764,13549,20263,4535,15728,3395,481,1413,19,1014,30895,609,7063,751,2562,0,3297,85143,4212,1535,,5607,10,35742,462284619,166,1764,13549,20263,35742,4,4,0,14504,181741
MAHARASHTRA,2001,MAHARASHTRA2001,96878627,76.84,307713,2839,1454,101,1302,0,1302,985,611,374,529,328,2239,15073,39866,8873,30993,6719,1542,4273,265,1208,30212,308,2823,1120,6090,1,8993,42963,625,238,,4133,69,57707,2183563610,529,2239,15073,39866,57707,13,8,0,12255,171233
MANIPUR,2001,MANIPUR2001,2302705,70.48,22327,209,168,5,20,0,20,94,62,32,20,17,19,75,217,71,146,131,33,66,20,64,201,0,21,0,5,0,7,1097,0,0,,0,4,331,12026868,20,19,75,217,331,,,,108,2489
MEGHALAYA,2001,MEGHALAYA2001,2318822,62.56,22429,164,47,2,26,0,26,55,11,44,97,3,125,170,271,16,255,8,19,29,3,26,102,0,25,0,4,0,0,511,0,0,,65,14,663,12164035,97,125,170,271,663,0,0,0,66,1687
MIZORAM,2001,MIZORAM2001,888573,88.49,21081,31,15,5,52,0,52,2,1,1,3,0,23,417,878,17,861,3,23,71,12,24,94,0,52,0,16,3,23,499,1,10,,31,0,1321,11598070,3,23,417,878,1321,,,,124,2246
NAGALAND,2001,NAGALAND2001,1990036,66.59,16579,101,39,9,17,0,17,23,6,17,11,0,129,163,258,89,169,2,20,34,2,1,37,0,6,0,0,0,19,363,1,310,,21,0,561,29678250,11,129,163,258,561,0,0,0,29,1234
ODISHA,2001,ODISHA2001,36804660,63.08,155707,987,1151,53,790,0,790,522,434,88,199,22,958,3093,5622,817,4805,1426,285,681,10,423,4367,294,1655,458,1266,0,1589,20810,1734,734,,212,11,9872,187558275,199,958,3093,5622,9872,3,4,0,4897,46661
PUNJAB,2001,PUNJAB2001,24358999,69.65,50362,738,789,80,298,0,298,513,324,189,45,84,131,1902,3023,1204,1819,1,368,2621,58,63,3996,159,372,47,1128,0,2154,9204,134,0,,24,95,5101,300415230,45,131,1902,3023,5101,11,5,0,2328,27774
RAJASTHAN,2001,RAJASTHAN2001,56507188,60.41,342239,1259,1923,63,1049,0,1049,2718,2165,553,60,40,889,7284,16939,4324,12615,11214,1026,6644,89,1092,27485,376,2878,56,5532,1,4221,62347,4892,1023,,2883,26,25172,551391050,60,889,7284,16939,25172,4,3,0,12057,155185
SIKKIM,2001,SIKKIM2001,540851,68.81,7096,19,11,7,8,0,8,6,2,4,0,0,3,76,74,6,68,3,1,13,0,1,35,0,0,14,0,0,7,166,6,6,,15,2,153,3285263,0,3,76,74,153,,,,24,444
TAMIL NADU,2001,TAMIL NADU2001,62405679,73.45,130060,1662,2204,19,423,0,423,952,607,345,158,6,672,5965,16709,4478,12231,5196,360,2139,104,980,28429,191,1773,1012,815,14,8550,76468,2336,9,,626,34,23504,416683131,158,672,5965,16709,23504,,,,4835,154801
TRIPURA,2001,TRIPURA2001,3199203,73.19,10486,240,25,0,102,0,102,93,35,58,26,0,63,198,259,6,253,138,4,17,6,31,412,16,58,0,227,0,31,855,2,0,,20,17,546,10600429,26,63,198,259,546,,,,438,2801
UTTAR PRADESH,2001,UTTAR PRADESH2001,166197921,57.36,240928,7601,7964,1186,1958,0,1958,4330,2879,1451,905,38,3825,8411,27011,6189,20822,7343,3430,5363,147,812,17816,2211,2870,2575,7365,0,7129,57839,10732,254,,150,57,40152,1342018407,905,3825,8411,27011,40152,15,53,0,19858,178129
UTTARAKHAND,2001,UTTARAKHAND2001,8489349,71.62,53566,316,279,38,74,0,74,183,126,57,32,3,191,533,1419,374,1045,440,171,318,4,30,830,56,103,84,301,0,441,2227,168,18,,5,7,2175,48986057,32,191,533,1419,2175,1,0,0,744,8073
WEST BENGAL,2001,WEST BENGAL2001,80176197,68.64,88752,1594,449,581,709,0,709,875,695,180,274,421,660,426,14245,2562,11683,3095,486,1216,102,102,3658,265,954,48,3859,3,2281,25260,10,2,,25,18,15605,297894274,274,660,426,14245,15605,0,0,0,6533,61563
A & N ISLANDS,2001,A & N ISLANDS2001,356152,81.3,8249,13,0,0,3,0,3,2,2,0,0,0,4,64,65,4,61,13,10,8,2,4,118,0,19,1,9,0,0,323,0,1,,,0,133,1957510,0,4,64,65,133,,,,34,658
CHANDIGARH,2001,CHANDIGARH2001,900635,81.94,114,15,10,6,18,0,18,56,50,6,5,0,22,364,1529,494,1035,91,26,155,2,5,95,3,24,15,36,0,6,914,3,0,,66,3,1920,47992609,5,22,364,1529,1920,1,0,0,146,3397
D & N HAVELI,2001,D & N HAVELI2001,220451,57.63,491,3,2,0,6,0,6,4,2,2,0,0,2,34,45,15,30,4,13,12,1,1,29,0,7,0,4,0,0,183,0,6,,2,0,81,3065362,0,2,34,45,81,,,,19,350
DAMAN & DIU,2001,DAMAN & DIU2001,158204,78.18,112,7,5,0,0,0,0,5,3,2,0,0,0,43,40,20,20,23,5,9,1,3,21,0,0,0,4,0,0,73,0,0,,2,0,83,3707732,0,0,43,40,83,,,,7,239
LAKSHADWEEP,2001,LAKSHADWEEP2001,60650,86.66,32,1,0,0,0,0,0,0,0,0,0,0,0,1,10,0,10,1,1,0,0,2,3,0,0,0,0,0,0,17,0,0,,1,0,11,105790,0,0,1,10,11,,,,0,36
PUDUCHERRY,2001,PUDUCHERRY2001,974345,81.24,479,25,32,1,9,0,9,4,3,1,1,0,4,111,528,284,244,100,5,23,3,31,635,1,35,27,3,0,166,2324,13,0,,3,0,644,10234351,1,4,111,528,644,,,,78,4068
ANDHRA PRADESH,2002,ANDHRA PRADESH2002,77722774,62.66,275045,2525,1644,165,1002,0,1002,1302,854,448,197,3,648,7628,19222,3544,15678,2140,1050,6733,155,991,39839,449,3799,2024,7018,0,8691,36385,3385,525,,1466,55,27695,462165830,197,648,7628,19222,27695,26,14,0,15146,143610
ARUNACHAL PRADESH,2002,ARUNACHAL PRADESH2002,1119093,56.94,83743,61,38,6,38,0,38,57,38,19,22,0,96,249,395,51,344,21,23,29,5,20,401,0,68,2,13,0,0,684,0,87,,132,0,762,30808825,22,96,249,395,762,,,,159,2228
ASSAM,2002,ASSAM2002,27000659,66.59,78438,1253,479,55,970,0,970,1595,1276,319,473,18,607,2504,5555,496,5059,3014,558,719,57,438,4764,70,984,7,1694,0,1957,8575,47,39,,332,18,9139,115251845,473,607,2504,5555,9139,3,2,0,5001,36346
BIHAR,2002,BIHAR2002,84184099,49.66,94163,3712,3526,396,1040,0,1040,2361,744,1617,1289,141,2288,3188,10145,1131,9014,8675,1215,1811,72,600,8770,927,621,6,1577,38,2497,39145,1579,29,,653,17,16910,229031128,1289,2288,3188,10145,16910,0,0,0,4953,94040
CHHATTISGARH,2002,CHHATTISGARH2002,21045463,66.41,135191,844,453,24,992,0,992,178,154,24,144,6,326,3731,4302,889,3413,817,96,393,18,235,4484,85,1483,147,653,0,963,17576,443,508,,1257,15,,,144,326,3731,4302,8503,5,3,0,3514,37950
GOA,2002,GOA2002,1370938,82.29,3702,30,20,4,12,0,12,9,5,4,5,0,24,376,496,146,350,79,27,78,3,25,236,2,18,6,8,0,202,780,2,0,,67,0,901,31014056,5,24,376,496,901,,,,51,2440
GUJARAT,2002,GUJARAT2002,51234618,70.96,196024,1532,759,13,267,0,267,1015,807,208,804,12,1098,5327,15742,6195,9547,3665,1385,1457,46,1915,13531,62,750,104,3321,0,3258,50612,1370,340,,2349,58,22971,2019751221,804,1098,5327,15742,22971,14,12,0,5311,106675
HARYANA,2002,HARYANA2002,21553266,68.81,44212,760,487,89,361,1,360,427,290,137,61,162,330,3048,5962,2955,3007,700,579,933,32,199,4514,256,454,1424,1565,0,955,16854,243,5,,1850,32,,,61,330,3048,5962,9401,1,1,0,4350,40152
HIMACHAL PRADESH,2002,HIMACHAL PRADESH2002,6176050,77.04,55673,123,86,6,137,0,137,138,116,22,0,1,18,710,564,142,422,646,75,137,0,145,1476,6,326,12,234,0,482,6921,97,3,,117,1,1292,118036202,0,18,710,564,1292,0,0,0,831,12243
JAMMU & KASHMIR,2002,JAMMU & KASHMIR2002,10267594,57,222236,1048,1240,31,192,0,192,674,596,78,42,0,163,1321,2020,664,1356,996,91,382,20,386,366,18,785,368,54,0,380,9390,13,6,,3,96,3546,100880037,42,163,1321,2020,3546,5,2,0,2013,19967
JHARKHAND,2002,JHARKHAND2002,27345207,55.86,74677,1488,1143,115,797,0,797,468,178,290,580,55,780,1419,4374,560,3814,2281,333,441,6,167,2294,275,411,3,588,36,416,12969,125,124,,731,34,,,580,780,1419,4374,7153,,,,2288,31439
KARNATAKA,2002,KARNATAKA2002,53673558,67.55,191791,1627,1576,55,292,0,292,645,300,345,178,66,972,6480,13818,4376,9442,6838,485,2764,175,437,22824,233,1648,100,1826,0,152,50508,1787,240,,265,19,,,178,972,6480,13818,21448,5,0,0,4399,113699
KERALA,2002,KERALA2002,32081624,91.06,38852,454,562,210,499,0,499,162,91,71,137,4,610,4624,5743,1978,3765,8090,357,2924,135,452,19033,17,2123,102,2836,0,32,55094,524,102,,207,0,,,137,610,4624,5743,11114,,,,5668,104200
MADHYA PRADESH,2002,MADHYA PRADESH2002,61348350,64.47,308245,2395,2864,194,2891,0,2891,964,639,325,136,142,1829,13344,20759,4845,15914,3178,507,1240,54,1053,29955,674,7118,783,3117,0,3679,94923,7217,2504,,6981,39,,,136,1829,13344,20759,36068,1,0,0,15222,191799
MAHARASHTRA,2002,MAHARASHTRA2002,98400213,77.65,307713,2768,1435,93,1352,1,1351,953,650,303,548,271,2136,14471,37606,9122,28484,6360,1468,4145,176,1269,29250,303,2686,769,5353,0,9407,42643,634,271,,4461,60,54761,2245771729,548,2136,14471,37606,54761,10,9,0,11113,165462
MANIPUR,2002,MANIPUR2002,2350361,71.98,22327,165,160,3,14,0,14,157,82,75,3,8,6,44,255,115,140,64,28,72,12,48,378,0,58,0,10,0,25,1074,0,0,,0,3,,,3,6,44,255,308,,,,164,2584
MEGHALAYA,2002,MEGHALAYA2002,2355473,63.75,22429,167,58,3,38,0,38,52,10,42,64,2,109,154,392,51,341,9,9,33,8,23,89,0,23,0,0,0,12,419,0,2,,63,9,719,17518239,64,109,154,392,719,0,0,0,71,1664
MIZORAM,2002,MIZORAM2002,897758,88.49,21081,29,26,5,76,0,76,7,2,5,5,0,7,446,999,30,969,1,26,85,16,27,112,0,73,0,3,0,13,864,0,40,,49,0,,,5,7,446,999,1457,,,,154,2820
NAGALAND,2002,NAGALAND2002,2021622,67.11,16579,100,34,5,17,0,17,27,4,23,21,0,110,128,257,81,176,5,10,21,3,6,53,0,1,0,0,0,24,292,17,371,,9,3,516,25481751,21,110,128,257,516,0,0,0,22,1114
ODISHA,2002,ODISHA2002,37472743,64.98,155707,1075,1372,58,691,0,691,523,432,91,246,30,945,2884,5268,1028,4240,1598,246,793,12,405,4947,248,1605,188,1167,0,2672,20755,1195,480,,187,7,9343,186253376,246,945,2884,5268,9343,7,2,0,4331,47728
PUNJAB,2002,PUNJAB2002,24703447,70.61,50362,733,728,79,299,0,299,551,354,197,50,83,110,1928,2963,1267,1696,2,373,2716,39,68,4453,166,341,145,944,0,2310,9713,131,0,,136,73,,,50,110,1928,2963,5051,0,0,0,2249,28794
RAJASTHAN,2002,RAJASTHAN2002,57315265,61.04,342239,1276,2043,68,1051,0,1051,2587,2019,568,47,33,734,6661,16313,4706,11607,7178,938,7286,63,1130,26519,399,2730,44,5691,0,4670,63787,4535,930,,1765,33,23755,550257950,47,734,6661,16313,23755,3,1,0,11934,151248
SIKKIM,2002,SIKKIM2002,549237,69.68,7096,13,5,2,6,0,6,9,2,7,0,0,5,66,64,5,59,15,3,48,0,2,50,0,17,0,3,0,7,170,1,10,,2,0,135,726030,0,5,66,64,135,,,,28,485
TAMIL NADU,2002,TAMIL NADU2002,63485023,74.53,130060,1723,2133,36,534,0,534,1001,714,287,176,25,653,5533,18755,4671,14084,4252,288,2017,121,850,25150,243,1877,1718,1052,0,10125,88680,2097,77,,632,43,25117,437136618,176,653,5533,18755,25117,6,6,0,6138,166942
TRIPURA,2002,TRIPURA2002,3241485,74.68,10486,201,38,1,108,0,108,128,48,80,29,0,56,192,270,51,219,180,12,20,7,40,518,16,128,0,236,0,46,849,0,0,,7,42,,,,,,,,,,,536,3075
UTTAR PRADESH,2002,UTTAR PRADESH2002,169440795,59.26,240928,6825,6283,1243,1415,1,1414,3430,2298,1132,552,59,2840,6126,22419,6353,16066,4878,2738,5026,127,643,13947,1893,2145,1887,5679,0,7313,48569,7927,61,,78,80,31937,705962269,552,2840,6126,22419,31937,9,7,0,15317,146037
UTTARAKHAND,2002,UTTARAKHAND2002,8578095,72.28,53566,292,249,47,89,0,89,198,155,43,32,6,177,554,1365,374,991,342,145,312,8,40,760,66,145,97,316,1,440,2295,99,3,,7,0,2128,51953575,32,177,554,1365,2128,,,,869,7976
WEST BENGAL,2002,WEST BENGAL2002,81247274,69.22,88752,1444,413,540,759,0,759,831,694,137,204,646,544,348,12449,2458,9991,2461,451,1315,98,114,3112,273,964,34,4069,1,2703,25189,4,12,,14,27,13545,334311396,204,544,348,12449,13545,0,0,0,6794,58962
A & N ISLANDS,2002,A & N ISLANDS2002,372096,81.42,8249,17,3,1,2,0,2,2,1,1,1,0,7,49,49,2,47,11,4,11,0,2,97,0,17,3,4,0,0,328,0,1,,,0,106,1225426,1,7,49,49,106,,,,27,608
CHANDIGARH,2002,CHANDIGARH2002,921594,82.17,114,31,35,7,18,0,18,54,47,7,1,1,26,336,1647,617,1030,78,35,181,5,5,107,1,36,28,56,0,7,1111,0,0,,70,2,2010,70225405,1,26,336,1647,2010,0,0,0,186,3806
D & N HAVELI,2002,D & N HAVELI2002,223867,60.13,491,11,2,0,4,0,4,9,5,4,3,0,1,38,75,38,37,5,12,10,0,2,29,0,3,0,3,0,0,142,0,0,,0,0,,,3,1,38,75,117,,,,15,349
DAMAN & DIU,2002,DAMAN & DIU2002,161035,80.68,112,8,3,0,0,0,0,3,2,1,2,0,1,56,56,35,21,16,5,10,0,2,18,0,0,0,3,0,0,78,0,0,,0,0,,,2,1,56,56,115,0,0,0,5,261
LAKSHADWEEP,2002,LAKSHADWEEP2002,61720,86.89,32,0,0,0,1,0,1,0,0,0,0,0,0,9,12,0,12,18,0,0,0,2,5,0,1,0,0,0,0,5,1,0,,0,0,,,0,0,9,12,21,,,,2,53
PUDUCHERRY,2002,PUDUCHERRY2002,988996,81.43,479,29,43,2,6,0,6,10,6,4,2,0,6,129,526,258,268,193,11,31,3,22,1093,5,59,26,9,0,190,2042,18,0,,16,1,663,11230516,2,6,129,526,663,,,,111,4437
ANDHRA PRADESH,2003,ANDHRA PRADESH2003,79247829,64.84,275045,2667,1678,147,946,0,946,1485,931,554,176,5,660,9050,23408,4521,18887,2328,1099,7581,318,1049,41545,466,4128,2286,8167,5,8515,39242,3559,571,,1842,51,,,176,660,9050,23408,33294,22,10,0,16929,156951
ARUNACHAL PRADESH,2003,ARUNACHAL PRADESH2003,1140586,59.54,83743,77,20,3,31,0,31,68,51,17,37,0,60,253,370,50,320,7,28,21,7,10,427,0,43,0,14,0,0,585,0,66,,196,0,,,37,60,253,370,720,7,0,0,139,2061
ASSAM,2003,ASSAM2003,27348680,69.92,78438,1191,485,48,1095,0,1095,1628,1351,277,471,26,523,2606,5525,406,5119,3340,611,894,58,677,4952,60,878,6,1808,0,2086,9227,67,20,,378,2,9125,150441676,471,523,2606,5525,9125,0,0,0,5198,38195
BIHAR,2003,BIHAR2003,85377870,52.33,94163,3771,3540,298,985,0,985,2427,674,1753,1221,120,2463,2986,10124,1357,8767,8029,1105,1947,92,669,8884,909,688,11,1880,37,2574,37503,1747,52,,265,28,,,1221,2463,2986,10124,16794,3,0,0,5184,92263
CHHATTISGARH,2003,CHHATTISGARH2003,21362393,68.17,135191,776,513,51,898,0,898,177,149,28,140,14,331,3621,4170,922,3248,703,76,412,24,151,3653,79,1481,105,601,0,1158,19315,709,774,,1439,27,,,140,331,3621,4170,8262,7,0,7,3313,38449
GOA,2003,GOA2003,1394730,82.58,3702,34,25,6,31,0,31,14,13,1,5,0,21,257,464,132,332,47,60,106,3,18,198,2,19,7,24,0,164,739,2,0,,84,0,747,25719702,5,21,257,464,747,,,,96,2244
GUJARAT,2003,GUJARAT2003,51888689,72.79,196024,1114,478,29,236,0,236,1044,859,185,338,14,1267,5844,19304,7201,12103,1824,1873,1975,275,516,12611,54,722,92,3684,0,3536,46879,1165,241,,1750,64,26753,808802703,338,1267,5844,19304,26753,16,6,0,5647,103709
HARYANA,2003,HARYANA2003,21968240,69.7,44212,702,446,76,353,0,353,388,271,117,63,190,281,2981,5591,3079,2512,639,586,900,30,122,4153,222,344,1302,1618,0,971,16654,195,0,,1451,29,8916,369239622,63,281,2981,5591,8916,3,0,0,4110,38612
HIMACHAL PRADESH,2003,HIMACHAL PRADESH2003,6276624,77.61,55673,125,74,5,126,0,126,113,96,17,8,0,19,707,627,218,409,610,63,130,3,121,1385,6,250,18,221,0,463,6937,107,12,,120,6,,,8,19,707,627,1361,0,0,0,717,12011
JAMMU & KASHMIR,2003,JAMMU & KASHMIR2003,10395258,58.49,222236,929,1216,29,211,0,211,712,615,97,23,0,154,1526,1949,576,1373,1167,116,408,21,328,310,10,875,376,71,0,378,10424,5,1,,18,55,3652,129843802,23,154,1526,1949,3652,1,0,0,2158,21233
JHARKHAND,2003,JHARKHAND2003,27748929,58.16,74677,1482,957,109,712,0,712,487,262,225,702,37,864,1468,4155,564,3591,2481,265,479,5,147,3062,262,424,2,559,0,642,12902,76,108,,709,18,,,702,864,1468,4155,7189,,,,2221,32203
KARNATAKA,2003,KARNATAKA2003,54650418,69.04,191791,1506,1241,58,321,0,321,531,244,287,220,65,861,6055,14180,4296,9884,5784,495,2752,126,415,21913,194,1585,84,1704,0,172,52143,1844,167,,300,28,,,220,861,6055,14180,21316,12,2,0,4132,112405
KERALA,2003,KERALA2003,32320885,91.26,38852,435,448,343,394,0,394,189,102,87,142,19,634,4409,4891,1668,3223,6798,323,3061,129,413,17696,33,1947,68,2930,0,35,53487,439,65,,597,2,,,142,634,4409,4891,10076,,,,5474,98824
MADHYA PRADESH,2003,MADHYA PRADESH2003,62354284,65.2,308245,2227,2413,203,2738,0,2738,887,608,279,153,141,1578,12884,20422,5262,15160,2729,549,1222,38,868,29358,648,6848,705,2938,0,3778,97751,5507,1779,,7040,29,,,153,1578,12884,20422,35037,3,3,3,14485,191078
MAHARASHTRA,2003,MAHARASHTRA2003,99932458,78.46,307713,2772,1412,113,1268,0,1268,926,626,300,514,249,2096,13892,37098,9271,27827,5714,1561,5005,261,1188,29205,368,2661,682,5452,0,9378,42491,697,217,,4551,81,53600,2172595866,514,2096,13892,37098,53600,2,2,0,11057,164306
MANIPUR,2003,MANIPUR2003,2398400,73.47,22327,150,199,6,18,0,18,120,71,49,3,0,6,68,252,124,128,73,16,76,7,47,324,0,44,0,4,0,4,1120,0,4,,0,11,329,11398302,3,6,68,252,329,,,,137,2537
MEGHALAYA,2003,MEGHALAYA2003,2392552,64.94,22429,175,60,17,40,0,40,49,10,39,83,1,133,160,360,108,252,5,12,34,4,16,106,0,13,1,4,0,41,355,0,0,,32,4,736,231994840,83,133,160,360,736,0,0,0,68,1669
MIZORAM,2003,MIZORAM2003,907254,88.49,21081,46,36,3,54,0,54,8,2,6,5,0,21,487,1303,57,1246,3,19,60,12,23,142,0,88,0,3,0,11,1132,0,0,,48,2,1816,17986793,5,21,487,1303,1816,,,,147,3456
NAGALAND,2003,NAGALAND2003,2053734,67.62,16579,91,34,8,14,0,14,38,3,35,19,0,92,95,221,37,184,8,3,11,7,5,48,0,4,2,0,1,41,234,27,263,,0,0,427,7947483,19,92,95,221,427,0,0,0,24,976
ODISHA,2003,ODISHA2003,38146058,66.88,155707,1044,1214,188,725,0,725,477,373,104,178,30,875,2961,5359,1076,4283,1408,254,937,11,337,4759,279,1669,188,1289,0,2497,20602,1157,484,,313,17,9373,175548564,178,875,2961,5359,9373,4,0,0,4523,47281
PUNJAB,2003,PUNJAB2003,25052130,71.58,50362,731,644,89,380,0,380,464,295,169,30,117,108,2094,3198,1375,1823,0,343,3123,56,71,4124,110,346,199,987,0,2226,9316,127,0,,100,109,,,30,108,2094,3198,5430,0,0,0,2317,28756
RAJASTHAN,2003,RAJASTHAN2003,58125426,61.67,342239,1262,1977,61,1050,0,1050,2238,1750,488,36,41,655,6072,16456,5491,10965,4052,902,7225,58,784,26173,389,2715,33,5733,1,5074,62592,4329,912,,1640,40,23219,585503429,36,655,6072,16456,23219,1,0,0,11671,145579
SIKKIM,2003,SIKKIM2003,557825,70.54,7096,14,7,3,10,0,10,0,0,0,2,0,3,48,65,3,62,10,7,12,3,2,56,0,25,0,1,0,18,157,7,6,,17,1,118,5165122,2,3,48,65,118,,,,36,443
TAMIL NADU,2003,TAMIL NADU2003,64584023,75.61,130060,1591,1843,28,557,1,556,879,632,247,95,43,514,4849,18213,4581,13632,3706,307,1904,63,791,30228,220,2022,881,1555,1,9112,77784,1495,67,,813,32,23671,464144227,95,514,4849,18213,23671,1,0,0,5868,157186
TRIPURA,2003,TRIPURA2003,3283889,76.18,10486,254,87,0,114,0,114,146,29,117,36,0,69,167,276,10,266,274,3,25,3,83,534,20,127,0,247,0,109,940,0,0,,0,39,548,13749705,36,69,167,276,548,,,,537,3514
UTTAR PRADESH,2003,UTTAR PRADESH2003,172752379,61.16,240928,5284,3793,1525,911,0,911,2208,1499,709,317,196,1988,4016,15751,5605,10146,2251,1746,2911,226,297,7760,1322,1098,4970,2626,0,4428,29449,2821,47,,58,106,,,317,1988,4016,15751,22072,1,0,0,12426,95073
UTTARAKHAND,2003,UTTARAKHAND2003,8667485,72.94,53566,268,236,31,107,0,107,171,134,37,26,3,160,557,1368,400,968,392,138,379,8,33,687,93,136,98,317,0,362,2353,129,5,,4,12,2111,51537513,26,160,557,1368,2111,,,,885,7923
WEST BENGAL,2003,WEST BENGAL2003,82303838,69.8,88752,1425,400,484,1002,0,1002,902,801,101,217,883,598,342,12613,2581,10032,2596,378,1534,153,87,4172,329,1186,71,4948,1,2300,24553,5,3,,40,18,13770,437117656,217,598,342,12613,13770,1,0,0,8338,61174
A & N ISLANDS,2003,A & N ISLANDS2003,388343,81.55,8249,21,4,1,2,0,2,2,2,0,2,0,7,56,60,3,57,19,3,13,0,8,110,0,9,2,7,0,0,318,0,1,,,0,125,2912650,2,7,56,60,125,,,,22,644
CHANDIGARH,2003,CHANDIGARH2003,942787,82.39,114,21,15,2,18,0,18,32,28,4,3,1,12,204,1238,552,686,46,32,209,2,4,71,1,11,4,93,0,8,779,1,0,,111,4,,,3,12,204,1238,1457,0,0,0,155,2806
D & N HAVELI,2003,D & N HAVELI2003,227302,62.63,491,11,5,0,1,0,1,7,4,3,4,0,6,41,61,15,46,17,8,13,2,4,22,0,4,0,2,0,1,129,0,23,,2,0,,,4,6,41,61,112,,,,11,338
DAMAN & DIU,2003,DAMAN & DIU2003,163912,83.18,112,6,3,0,5,0,5,1,1,0,4,0,1,41,46,25,21,31,8,8,6,1,14,1,3,0,0,0,6,84,0,1,,2,0,92,11755706,4,1,41,46,92,0,0,0,10,269
LAKSHADWEEP,2003,LAKSHADWEEP2003,62829,87.11,32,0,0,0,2,0,2,0,0,0,0,0,0,6,8,1,7,4,0,0,0,2,1,0,1,0,1,0,0,6,0,0,,0,0,14,178650,0,0,6,8,14,,,,4,31
PUDUCHERRY,2003,PUDUCHERRY2003,1003888,81.63,479,29,32,0,2,0,2,18,13,5,2,0,11,126,567,295,272,159,12,32,1,18,1053,1,56,27,4,0,182,2185,22,0,,35,0,706,17810733,2,11,126,567,706,1,0,0,103,4517
ANDHRA PRADESH,2004,ANDHRA PRADESH2004,80785460,66.11,275045,2579,1908,163,1016,0,1016,1526,1030,496,199,2,596,8457,23578,5042,18536,2540,898,7928,175,915,43335,512,3817,2310,8388,2,11452,36460,3255,566,,1304,61,,,199,596,8457,23578,32830,20,2,0,17075,158756
ARUNACHAL PRADESH,2004,ARUNACHAL PRADESH2004,1162440,62.15,83743,67,45,1,42,0,42,65,41,24,30,2,45,215,388,75,313,65,26,34,1,19,429,0,61,0,4,0,0,717,0,75,,91,0,,,30,45,215,388,678,2,0,0,148,2256
ASSAM,2004,ASSAM2004,27699685,73.25,78438,1214,410,63,1171,0,1171,1906,1552,354,360,31,505,2544,5866,685,5181,3615,586,865,57,379,5911,74,883,11,1945,0,2239,10040,20,12,,331,9,,,360,505,2544,5866,9275,,,,5636,40675
BIHAR,2004,BIHAR2004,86579841,54.99,94163,3948,2995,280,1390,1,1389,3413,997,2416,1319,145,2986,3175,11113,2083,9030,9793,1701,2764,57,707,11231,1029,704,13,2679,35,2405,44178,2646,45,,213,17,,,1319,2986,3175,11113,18593,3,3,0,6847,108060
CHHATTISGARH,2004,CHHATTISGARH2004,21684049,69.92,135191,927,619,25,969,0,969,214,174,40,106,8,363,3720,5014,1316,3698,790,101,424,42,242,3899,71,1661,131,741,0,1717,20143,698,676,,1499,17,,,106,363,3720,5014,9203,0,0,0,3747,41927
GOA,2004,GOA2004,1419054,82.87,3702,40,6,5,37,0,37,13,10,3,5,0,18,261,503,120,383,33,49,61,0,7,170,2,23,15,17,0,216,646,0,0,,63,0,,,5,18,261,503,787,,,,104,2127
GUJARAT,2004,GUJARAT2004,52541743,74.61,196024,1113,469,27,339,0,339,1133,905,228,360,15,1136,5828,18551,6931,11620,1599,1612,1726,122,388,12262,58,757,164,3955,0,3958,49897,1309,241,,1828,61,,,360,1136,5828,18551,25875,8,6,0,6178,105469
HARYANA,2004,HARYANA2004,22389636,70.6,44212,733,441,65,386,0,386,423,292,131,52,145,244,2786,6558,3735,2823,699,534,1089,32,95,4194,251,403,850,2026,0,981,16109,217,0,,1221,38,,,52,244,2786,6558,9640,,,,4208,39096
HIMACHAL PRADESH,2004,HIMACHAL PRADESH2004,6379674,78.17,55673,110,77,12,153,0,153,123,99,24,1,0,25,766,643,192,451,562,97,174,6,112,1421,8,284,16,252,0,469,7015,89,11,,115,8,,,1,25,766,643,1435,0,0,0,812,12326
JAMMU & KASHMIR,2004,JAMMU & KASHMIR2004,10526785,59.97,222236,816,1112,29,218,0,218,735,632,103,28,0,129,1420,1939,573,1366,1116,105,414,32,320,334,9,990,264,82,0,422,10677,4,1,,11,65,,,28,129,1420,1939,3516,3,1,0,2195,21191
JHARKHAND,2004,JHARKHAND2004,28156879,60.46,74677,1488,1143,115,797,0,797,468,178,290,580,55,780,1419,4374,560,3814,2281,333,441,6,167,2294,275,411,3,588,36,416,12969,126,123,,709,34,,,580,780,1419,4374,7153,,,,2288,31439
KARNATAKA,2004,KARNATAKA2004,55639742,70.53,191791,1519,1387,57,291,1,290,592,286,306,177,109,1024,6093,16093,5185,10908,6237,423,2759,65,248,21232,259,1435,57,1588,0,277,52518,1643,173,,421,23,,,177,1024,6093,16093,23387,0,0,0,3916,114440
KERALA,2004,KERALA2004,32559088,91.46,38852,417,391,473,480,0,480,232,142,90,129,15,639,4580,5240,1717,3523,6461,336,3755,99,374,20610,31,2260,133,3222,0,42,54106,438,82,,320,2,,,129,639,4580,5240,10588,,,,6268,104025
MADHYA PRADESH,2004,MADHYA PRADESH2004,63365917,65.93,308245,2379,2563,188,2875,0,2875,832,584,248,147,134,1526,12308,22586,6148,16438,2479,548,1287,36,893,33285,751,6690,804,3436,0,4209,96911,4699,1667,,6768,35,,,147,1526,12308,22586,36567,0,0,0,15140,196867
MAHARASHTRA,2004,MAHARASHTRA2004,101468210,79.27,307713,2696,1463,115,1388,0,1388,1045,787,258,629,315,2229,14659,43952,11307,32645,5980,1528,5167,218,1149,30122,314,2831,862,5646,0,9574,44420,715,231,,4934,85,,,629,2229,14659,43952,61469,3,7,0,11828,176302
MANIPUR,2004,MANIPUR2004,2446833,74.97,22327,159,227,3,31,0,31,128,71,57,2,2,3,66,244,108,136,115,25,142,4,85,233,0,30,0,2,0,35,999,0,0,,0,18,,,2,3,66,244,315,0,0,0,134,2535
MEGHALAYA,2004,MEGHALAYA2004,2430062,66.13,22429,124,42,7,54,0,54,54,18,36,91,2,81,142,418,138,280,2,25,44,2,15,123,2,34,0,5,0,51,434,0,0,,53,1,,,91,81,142,418,732,0,0,0,113,1752
MIZORAM,2004,MIZORAM2004,916968,88.49,21081,35,21,2,20,0,20,15,0,15,10,0,6,250,610,0,610,2,30,20,6,22,80,0,66,0,0,0,0,320,0,0,,607,0,,,10,6,250,610,876,0,0,0,86,1515
NAGALAND,2004,NAGALAND2004,2086382,68.14,16579,70,33,5,18,0,18,23,4,19,14,0,117,70,255,26,229,6,11,28,0,5,52,0,3,1,0,0,34,239,0,0,,3,0,,,14,117,70,255,456,0,0,0,26,984
ODISHA,2004,ODISHA2004,38824778,68.78,155707,1066,1197,25,770,0,770,526,423,103,238,0,952,2992,5967,1401,4566,1433,271,805,14,343,4938,319,1811,170,1192,0,2652,21058,1398,519,,354,8,,,238,952,2992,5967,10149,4,2,0,4685,48739
PUNJAB,2004,PUNJAB2004,25405054,72.55,50362,775,716,148,390,0,390,463,311,152,17,79,86,1766,2587,1132,1455,16,313,2729,60,52,4402,113,261,38,801,0,2181,7637,134,0,,79,93,,,17,86,1766,2587,4456,0,0,0,1914,25630
RAJASTHAN,2004,RAJASTHAN2004,58937566,62.3,342239,1279,2030,59,1038,0,1038,2384,1881,503,58,46,673,5911,18842,6648,12194,3101,885,8333,65,835,25947,379,2825,41,6781,1,5579,67767,4360,1031,,1729,46,,,58,673,5911,18842,25484,,,,12946,154859
SIKKIM,2004,SIKKIM2004,566619,71.41,7096,16,8,3,3,0,3,5,4,1,0,0,5,64,73,6,67,76,4,22,1,7,78,0,40,0,1,0,29,196,16,32,,13,0,,,0,5,64,73,142,,,,48,631
TAMIL NADU,2004,TAMIL NADU2004,65698096,76.7,130060,1479,1772,26,618,0,618,870,692,178,72,54,464,4147,17530,3996,13534,3433,268,2121,40,662,30855,225,1861,1081,1437,0,9152,88439,1156,27,,797,50,,,72,464,4147,17530,22213,1,1,0,5914,166606
TRIPURA,2004,TRIPURA2004,3326479,77.67,10486,189,36,0,160,0,160,99,54,45,27,2,46,166,260,49,211,148,17,34,12,24,452,20,134,0,302,0,85,868,1,0,,0,11,,,27,46,166,260,499,,,,670,3081
UTTAR PRADESH,2004,UTTAR PRADESH2004,176133744,63.06,240928,6126,5580,1436,1397,0,1397,3337,2324,1013,378,98,2606,5299,22524,8452,14072,3915,2377,4184,188,381,11265,1708,1900,2682,4950,3,7136,40711,3785,5,,129,111,,,378,2606,5299,22524,30807,,,,14964,130181
UTTARAKHAND,2004,UTTARAKHAND2004,8757523,73.6,53566,262,247,29,115,0,115,213,127,86,37,1,165,566,1597,500,1097,444,157,372,13,28,865,82,143,110,405,0,464,2319,137,3,,16,6,,,37,165,566,1597,2365,,,,982,8634
WEST BENGAL,2004,WEST BENGAL2004,83344579,70.38,88752,1425,390,468,1475,0,1475,1200,1018,182,212,943,535,547,14465,2668,11797,2691,425,1686,125,103,3867,396,1566,64,6334,12,2995,27426,14,9,,88,16,,,212,535,547,14465,15759,0,0,0,10865,69350
A & N ISLANDS,2004,A & N ISLANDS2004,404902,81.67,8249,15,1,2,10,0,10,3,3,0,0,0,3,69,103,9,94,9,0,12,0,9,105,0,6,3,5,0,6,387,0,1,,,3,,,0,3,69,103,175,,,,27,748
CHANDIGARH,2004,CHANDIGARH2004,964215,82.62,114,22,19,10,19,0,19,54,43,11,0,2,6,186,1459,653,806,43,23,135,4,0,65,6,20,18,73,0,5,720,0,0,,105,2,,,0,6,186,1459,1651,,,,179,2889
D & N HAVELI,2004,D & N HAVELI2004,230756,65.13,491,11,4,0,7,0,7,12,7,5,3,0,2,20,53,20,33,17,12,22,0,2,35,0,5,0,3,0,8,193,0,4,,4,0,,,3,2,20,53,78,,,,22,409
DAMAN & DIU,2004,DAMAN & DIU2004,166835,85.68,112,3,1,0,1,0,1,2,0,2,0,0,1,35,27,12,15,19,4,5,0,2,17,0,1,0,4,0,25,51,0,1,,0,0,,,0,1,35,27,63,,,,6,198
LAKSHADWEEP,2004,LAKSHADWEEP2004,63976,87.34,32,0,0,0,0,0,0,0,0,0,0,0,0,2,5,0,5,37,0,0,1,0,6,0,0,0,1,0,0,18,0,0,,0,0,,,0,0,2,5,7,,,,1,70
PUDUCHERRY,2004,PUDUCHERRY2004,1019077,81.82,479,25,18,14,4,0,4,10,8,2,0,0,1,86,634,322,312,147,7,35,2,9,974,6,50,30,2,0,176,2390,23,0,,55,0,,,0,1,86,634,721,,,,100,4620
ANDHRA PRADESH,2005,ANDHRA PRADESH2005,82335801,67.39,275045,2750,1724,111,935,1,934,1612,995,617,250,4,794,7954,23778,5465,18313,2026,948,7909,257,967,42179,443,3595,2508,8696,3,9973,37707,3117,515,,1419,48,32776,751545976,250,794,7954,23778,32776,0,0,0,17175,157123
ARUNACHAL PRADESH,2005,ARUNACHAL PRADESH2005,1184653,64.75,83743,81,37,5,35,0,35,58,39,19,23,0,77,263,531,119,412,23,36,28,4,13,383,0,67,0,9,0,69,562,2,54,,147,0,894,46073501,23,77,263,531,894,0,0,0,150,2304
ASSAM,2005,ASSAM2005,28053772,76.58,78438,1194,503,117,1238,0,1238,1751,1456,295,334,22,451,2255,6369,955,5414,2760,487,873,103,423,5906,99,899,19,2206,3,2695,11299,282,216,,373,9,9409,178998996,334,451,2255,6369,9409,1,0,0,5920,42006
BIHAR,2005,BIHAR2005,87790018,57.66,94163,3471,3307,259,1147,0,1147,2693,929,1764,1212,165,2374,3117,10812,2134,8678,7671,1181,1829,50,760,11939,1014,451,13,1574,74,2680,40057,1824,82,,310,33,17515,273082345,1212,2374,3117,10812,17515,,,,5202,97850
CHHATTISGARH,2005,CHHATTISGARH2005,22010465,71.68,135191,1013,660,41,990,0,990,246,184,62,204,25,401,3621,5600,1619,3981,893,110,431,73,214,3734,100,1450,132,732,0,2004,20959,454,497,,1686,14,9826,268191880,204,401,3621,5600,9826,0,0,0,3588,43633
GOA,2005,GOA2005,1443911,83.15,3702,45,15,5,20,0,20,17,12,5,2,0,28,265,495,185,310,45,50,58,6,12,155,2,30,8,11,0,209,641,2,1,,61,0,,,2,28,265,495,790,,,,83,2119
GUJARAT,2005,GUJARAT2005,53193892,76.44,196024,1033,452,27,324,0,324,1164,916,248,282,15,966,5332,17964,7083,10881,1628,1370,1541,447,320,10503,48,802,104,4090,0,4120,60882,1307,237,,1828,48,24544,835241359,282,966,5332,17964,24544,11,10,0,6284,113414
HARYANA,2005,HARYANA2005,22817519,71.49,44212,784,513,57,461,0,461,492,344,148,88,138,390,3437,8694,5034,3660,899,562,1204,31,119,4569,212,380,597,2075,0,1083,15879,288,0,,1206,54,12609,463902424,88,390,3437,8694,12609,0,0,0,4069,42664
HIMACHAL PRADESH,2005,HIMACHAL PRADESH2005,6485246,78.74,55673,110,79,22,141,0,141,118,102,16,6,0,22,696,696,166,530,558,82,163,6,97,1359,2,286,29,228,0,480,7165,55,10,,183,1,1420,68147727,6,22,696,696,1420,0,0,0,788,12345
JAMMU & KASHMIR,2005,JAMMU & KASHMIR2005,10662279,61.45,222236,647,905,37,201,0,201,748,658,90,13,0,116,1397,1901,504,1397,1222,117,403,29,240,355,5,830,371,76,0,462,10040,1,0,,6,47,3427,103828111,13,116,1397,1901,3427,0,0,0,2141,20115
JHARKHAND,2005,JHARKHAND2005,28568908,62.76,74677,1523,1084,87,753,5,748,621,283,338,592,49,732,1610,6195,1181,5014,2524,243,643,19,202,3078,257,293,36,590,4,1490,12550,277,483,,883,12,,,592,732,1610,6195,9129,1,0,0,2216,35175
KARNATAKA,2005,KARNATAKA2005,56641538,72.02,191791,1609,1406,80,343,0,343,589,312,277,208,119,1202,5986,17008,5920,11088,6151,434,2909,133,238,20883,261,1585,71,1883,0,243,54239,1780,161,,236,17,24404,817172602,208,1202,5986,17008,24404,1,2,0,4455,117580
KERALA,2005,KERALA2005,32796224,91.66,38852,388,341,88,478,0,478,226,129,97,110,158,621,4110,5454,1969,3485,6535,361,3261,79,456,18302,21,2339,175,3283,0,34,57530,345,82,,380,9,10295,515566635,110,621,4110,5454,10295,3,0,0,6425,104350
MADHYA PRADESH,2005,MADHYA PRADESH2005,64383393,66.66,308245,2405,2512,134,2921,0,2921,847,604,243,147,130,1557,11192,20685,6390,14295,2573,613,1292,51,817,33803,739,6426,792,2989,3,4593,91951,4356,1615,,5673,43,33581,619740811,147,1557,11192,20685,33581,0,0,0,14474,189172
MAHARASHTRA,2005,MAHARASHTRA2005,102996199,80.08,307713,2621,1614,98,1545,0,1545,1194,851,343,641,307,2411,15615,46851,12189,34662,6779,1720,6391,385,1123,30017,341,3228,919,6233,0,9608,47386,865,224,,5696,105,65518,2936344274,641,2411,15615,46851,65518,0,0,0,13117,187027
MANIPUR,2005,MANIPUR2005,2495663,76.47,22327,256,252,4,25,0,25,106,69,37,4,0,8,62,243,92,151,35,52,122,10,155,295,0,25,0,20,0,5,1234,0,0,,0,2,317,16736542,4,8,62,243,317,3,0,0,139,2913
MEGHALAYA,2005,MEGHALAYA2005,2468003,67.32,22429,134,35,2,63,0,63,48,19,29,81,1,95,148,476,116,360,42,18,39,3,70,135,1,44,0,3,0,61,381,0,0,,95,2,800,33918479,81,95,148,476,800,0,0,0,130,1880
MIZORAM,2005,MIZORAM2005,926901,88.49,21081,24,24,5,37,0,37,13,0,13,3,0,6,442,777,0,777,35,11,58,5,20,77,4,49,4,0,0,4,558,0,0,,323,0,1228,17718795,3,6,442,777,1228,0,0,0,94,2156
NAGALAND,2005,NAGALAND2005,2119579,68.65,16579,87,26,8,17,0,17,26,9,17,12,0,80,93,294,97,197,8,17,41,5,4,35,0,7,0,0,0,37,252,0,0,0,3,1,479,9429668,12,80,93,294,479,0,0,0,33,1049
ODISHA,2005,ODISHA2005,39509013,70.68,155707,1079,1279,48,799,0,799,641,547,94,184,50,998,3029,6743,1626,5117,1515,301,1040,31,386,5919,334,2238,184,1671,0,3034,20182,1439,602,86,596,7,10954,297906936,184,998,3029,6743,10954,2,0,0,5773,51685
PUNJAB,2005,PUNJAB2005,25762254,73.51,50362,713,723,216,398,0,398,478,329,149,27,103,85,1933,2924,1151,1773,1,306,2934,73,55,4267,99,308,43,729,0,2283,8438,140,0,210,112,94,4969,325742308,27,85,1933,2924,4969,0,0,0,1906,27136
RAJASTHAN,2005,RAJASTHAN2005,59751511,62.93,342239,1221,1920,59,993,0,993,1993,1549,444,41,79,590,5227,17898,6723,11175,2290,613,8341,88,648,22606,361,2503,28,5997,0,5872,61549,3795,863,580,1742,32,23756,718848065,41,590,5227,17898,23756,,,,11431,140917
SIKKIM,2005,SIKKIM2005,575625,72.27,7096,8,16,2,18,0,18,3,2,1,2,0,4,85,81,5,76,19,4,44,2,3,99,0,38,0,4,0,53,67,7,22,25,23,1,172,4533982,2,4,85,81,172,,,,62,552
TAMIL NADU,2005,TAMIL NADU2005,66827019,77.78,130060,1440,1759,28,571,1,570,1029,783,246,73,0,437,3738,15851,3583,12268,2551,239,2694,40,495,31725,215,1764,665,1650,0,8902,86494,1206,13,288,858,45,20099,385878772,73,437,3738,15851,20099,3,2,0,5648,162360
TRIPURA,2005,TRIPURA2005,3369280,79.17,10486,121,56,1,162,0,162,85,43,42,22,0,61,170,325,62,263,148,32,59,16,35,429,34,161,1,439,0,188,811,38,12,28,0,8,578,14557243,22,61,170,325,578,,,,840,3356
UTTAR PRADESH,2005,UTTAR PRADESH2005,179586262,64.96,240928,5711,5637,1520,1217,0,1217,2955,2256,699,286,89,2049,4556,20695,8647,12048,3926,2524,4556,261,398,10379,1564,1835,2881,4505,0,7406,37158,4397,6,1801,105,118,27586,874168257,286,2049,4556,20695,27586,0,0,0,14258,122108
UTTARAKHAND,2005,UTTARAKHAND2005,8848211,74.26,53566,279,202,30,133,0,133,203,125,78,48,0,159,521,1630,533,1097,433,144,396,22,24,745,63,100,89,272,0,462,2078,99,1,76,32,17,2358,69814936,48,159,521,1630,2358,,,,782,8033
WEST BENGAL,2005,WEST BENGAL2005,84370259,70.96,88752,1453,434,408,1686,0,1686,1207,1039,168,211,1221,426,739,12124,2435,9689,2635,528,1760,107,92,4125,446,1572,54,6936,61,2737,25444,12,12,236,99,23,13500,311480004,211,426,739,12124,13500,9,7,0,11794,66406
A & N ISLANDS,2005,A & N ISLANDS2005,421779,81.79,8249,14,3,3,4,0,4,2,1,1,0,0,4,68,92,6,86,4,8,13,0,6,79,0,11,1,5,0,3,362,0,2,8,,0,164,8895067,0,4,68,92,164,,,,22,682
CHANDIGARH,2005,CHANDIGARH2005,985880,82.85,114,18,15,4,33,0,33,54,45,9,0,2,12,223,1373,579,794,43,41,161,0,1,57,3,31,9,75,0,9,969,0,0,57,114,3,1608,59967766,0,12,223,1373,1608,0,0,0,196,3133
D & N HAVELI,2005,D & N HAVELI2005,234231,67.63,491,7,5,0,5,0,5,13,9,4,3,0,2,25,74,17,57,18,12,10,4,1,33,0,5,0,5,0,17,195,2,2,5,19,0,104,12749605,3,2,25,74,104,,,,24,434
DAMAN & DIU,2005,DAMAN & DIU2005,169805,88.18,112,5,2,0,2,0,2,4,2,2,4,0,0,37,50,27,23,19,6,3,7,1,16,1,1,0,3,0,24,58,2,0,5,1,0,91,6939313,4,0,37,50,91,,,,9,243
LAKSHADWEEP,2005,LAKSHADWEEP2005,65164,87.57,32,1,0,0,0,0,0,0,0,0,0,0,0,2,7,0,7,6,0,0,0,0,4,0,0,0,0,0,0,22,0,0,0,1,0,9,261658,0,0,2,7,9,,,,0,42
PUDUCHERRY,2005,PUDUCHERRY2005,1034495,82.02,479,19,24,8,6,0,6,6,3,3,1,0,5,67,466,235,231,159,8,41,0,9,857,4,60,26,6,0,224,2579,14,0,8,40,0,539,11322670,1,5,67,466,539,,,,105,4575
ANDHRA PRADESH,2006,ANDHRA PRADESH2006,83899047,68.68,275045,2766,1860,123,1049,1,1048,2030,1329,701,178,3,679,8304,23510,5313,18197,2916,1007,8363,324,1012,47946,519,4534,2411,9164,0,11489,43722,3891,793,1386,1651,49,,,178,679,8304,23510,32671,0,0,0,19006,173909
ARUNACHAL PRADESH,2006,ARUNACHAL PRADESH2006,1207224,67.36,83743,60,33,3,37,0,37,75,51,24,28,0,74,257,451,74,377,6,61,38,9,20,415,1,63,2,14,0,82,565,0,27,27,80,0,,,28,74,257,451,810,0,0,0,168,2294
ASSAM,2006,ASSAM2006,28411051,79.91,78438,1207,414,32,1244,0,1244,1825,1544,281,319,12,544,2911,7820,1362,6458,2684,461,905,98,488,5290,105,1290,10,2548,0,3022,10444,282,244,252,539,19,,,319,544,2911,7820,11594,1,0,0,6741,43673
BIHAR,2006,BIHAR2006,89008384,60.33,94163,3249,3303,326,1232,0,1232,2619,1084,1535,1001,140,2169,3531,11752,2023,9729,8259,1054,2171,97,785,12674,1188,530,53,1689,42,2860,39941,2043,56,66,228,14,,,1001,2169,3531,11752,18453,,,,5818,100665
CHHATTISGARH,2006,CHHATTISGARH2006,22341673,73.43,135191,1098,825,15,995,0,995,239,178,61,160,24,439,3507,5262,1623,3639,905,137,507,33,262,6722,103,1598,143,717,1,2239,19246,444,583,1238,1816,30,,,160,439,3507,5262,9368,0,0,0,3735,45177
GOA,2006,GOA2006,1469303,83.44,3702,39,17,1,21,0,21,16,10,6,7,0,17,252,494,223,271,63,35,55,9,38,170,0,18,7,14,0,233,698,4,0,54,67,0,,,7,17,252,494,770,1,1,0,70,2204
GUJARAT,2006,GUJARAT2006,53845144,78.26,196024,1165,471,24,354,0,354,1128,945,183,290,12,970,5530,18475,7188,11287,1534,1246,1529,196,321,10685,50,736,138,4977,0,4339,66802,995,164,977,2125,43,,,290,970,5530,18475,25265,15,13,0,7200,120972
HARYANA,2006,HARYANA2006,23252069,72.39,44212,873,585,59,608,0,608,635,431,204,104,224,410,4001,10518,6300,4218,1142,750,1424,35,156,5135,255,486,491,2254,0,1350,19014,283,0,462,1253,54,,,104,410,4001,10518,15033,,,,4525,50509
HIMACHAL PRADESH,2006,HIMACHAL PRADESH2006,6593382,79.3,55673,111,78,20,113,0,113,130,109,21,7,0,29,754,812,214,598,566,137,129,4,115,1261,3,275,31,259,0,499,7760,92,17,136,119,1,,,7,29,754,812,1602,0,0,0,790,13093
JAMMU & KASHMIR,2006,JAMMU & KASHMIR2006,10801836,62.93,222236,487,854,40,250,0,250,789,723,66,10,0,112,1351,1937,554,1383,1197,123,463,35,203,376,10,960,347,135,0,222,10886,2,0,85,7,59,,,10,112,1351,1937,3410,3,3,0,2425,20787
JHARKHAND,2006,JHARKHAND2006,28984975,65.06,74677,1492,1078,97,799,0,799,635,410,225,536,45,779,1428,6173,1146,5027,2650,319,833,34,178,3055,281,414,44,668,5,1154,13667,333,332,112,838,25,,,536,779,1428,6173,8916,1,0,0,2621,36364
KARNATAKA,2006,KARNATAKA2006,57656060,73.51,191791,1627,1484,68,400,0,400,563,328,235,202,247,1349,5967,14901,5759,9142,6183,471,2910,139,268,19488,244,1683,38,2129,0,534,56815,1730,214,276,487,9,,,202,1349,5967,14901,22419,0,0,0,4822,117710
KERALA,2006,KERALA2006,33032295,91.86,38852,393,347,87,601,0,601,294,202,92,129,125,691,4245,5431,2014,3417,6365,299,3316,68,435,19105,25,2543,222,3708,0,49,56777,364,75,553,402,1,,,129,691,4245,5431,10496,1,0,0,7301,105255
MADHYA PRADESH,2006,MADHYA PRADESH2006,65406766,67.39,308245,2309,2370,138,2900,0,2900,808,617,191,151,121,1770,10960,21733,7552,14181,2308,519,1522,38,815,34709,764,6243,762,2989,0,4823,95959,4214,1498,3939,5936,30,,,151,1770,10960,21733,34614,0,0,0,14275,194711
MAHARASHTRA,2006,MAHARASHTRA2006,104542388,80.89,307713,2656,1680,100,1500,1,1499,1261,921,340,663,323,2574,15877,46473,12741,33732,7453,1726,6234,317,1188,29407,387,3479,984,6738,1,10933,49834,1053,267,2841,5965,99,,,663,2574,15877,46473,65587,5,3,0,14010,191788
MANIPUR,2006,MANIPUR2006,2544899,77.96,22327,205,265,4,40,0,40,130,79,51,2,27,8,55,290,105,185,60,40,82,9,109,296,0,42,0,10,0,3,1207,0,26,54,0,7,,,2,8,55,290,355,0,0,0,171,2884
MEGHALAYA,2006,MEGHALAYA2006,2506380,68.51,22429,157,42,8,74,0,74,57,25,32,57,4,65,140,470,135,335,7,16,83,7,28,138,6,57,0,13,0,68,438,0,0,71,58,0,,,57,65,140,470,732,0,0,0,175,1935
MIZORAM,2006,MIZORAM2006,937057,88.49,21081,25,19,7,72,0,72,6,1,5,7,0,10,422,758,60,698,0,30,78,10,25,72,0,51,0,1,0,26,454,0,0,35,83,1,,,7,10,422,758,1197,0,0,0,125,2073
NAGALAND,2006,NAGALAND2006,2153336,69.17,16579,123,46,8,23,0,23,31,3,28,16,0,84,70,327,113,214,7,18,37,10,16,50,0,3,2,3,0,28,201,5,109,14,3,0,,,16,84,70,327,497,0,0,0,34,1103
ODISHA,2006,ODISHA2006,40198878,72.58,155707,1159,752,36,985,0,985,704,577,127,239,76,1184,3120,6567,1571,4996,1535,313,1364,16,371,6226,457,2415,247,694,12,2945,21375,1153,349,154,581,12,,,239,1184,3120,6567,11110,0,0,0,5387,52792
PUNJAB,2006,PUNJAB2006,26123740,74.48,50362,817,898,165,442,0,442,591,418,173,35,90,142,2277,3946,1561,2385,3,281,3393,66,68,5104,130,314,60,801,2,2919,9524,184,0,329,116,99,,,35,142,2277,3946,6400,,,,2167,32068
RAJASTHAN,2006,RAJASTHAN2006,60567273,63.56,342239,1209,1694,79,1085,0,1085,1970,1553,417,37,97,631,5085,17889,7276,10613,1767,694,10191,56,551,21296,394,2582,31,7038,3,6234,61379,3910,967,951,1908,42,,,37,631,5085,17889,23642,,,,12686,141992
SIKKIM,2006,SIKKIM2006,584845,73.14,7096,21,16,2,20,0,20,8,7,1,0,0,9,84,113,8,105,12,10,37,1,1,96,0,14,0,6,0,39,214,2,0,35,35,1,,,0,9,84,113,206,,,,47,703
TAMIL NADU,2006,TAMIL NADU2006,67970422,78.86,130060,1363,1599,20,457,0,457,906,718,188,95,4,450,3300,13651,2877,10774,1838,194,2116,63,460,14067,187,1179,852,1248,0,10792,94131,991,24,353,743,45,,,95,450,3300,13651,17496,0,0,0,4641,148972
TRIPURA,2006,TRIPURA2006,3412297,80.66,10486,154,52,1,189,0,189,105,62,43,18,1,71,182,392,31,361,154,23,84,12,35,464,35,207,0,471,0,199,1091,14,9,41,0,11,,,18,71,182,392,663,,,,964,3940
UTTAR PRADESH,2006,UTTAR PRADESH2006,183111377,66.86,240928,5480,4997,1543,1314,0,1314,3318,2551,767,218,86,2024,4577,20447,9621,10826,3774,2509,5142,278,299,10412,1798,2096,2714,5204,0,7235,41536,4960,11,1767,153,123,,,218,2024,4577,20447,27266,0,0,0,15677,127001
UTTARAKHAND,2006,UTTARAKHAND2006,8939553,74.92,53566,274,215,40,147,0,147,212,183,29,31,2,157,470,1696,525,1171,489,95,514,14,39,854,80,153,113,358,0,524,1935,68,1,51,101,6,,,31,157,470,1696,2354,,,,1034,8412
WEST BENGAL,2006,WEST BENGAL2006,85381521,71.54,88752,1425,672,401,1731,0,1731,1355,1199,156,177,1263,426,601,12532,2714,9818,2385,519,1947,135,111,6299,445,1837,63,7414,1,3039,23274,13,7,432,112,25,,,177,426,601,12532,13736,1,1,0,12690,68052
A & N ISLANDS,2006,A & N ISLANDS2006,438982,81.92,8249,4,4,1,6,0,6,5,5,0,0,0,5,82,101,6,95,10,3,15,4,9,78,0,14,4,7,0,2,322,0,17,9,,0,,,0,5,82,101,188,,,,36,676
CHANDIGARH,2006,CHANDIGARH2006,1007778,83.07,114,12,21,8,19,0,19,65,57,8,1,3,34,189,1234,529,705,44,59,232,3,5,55,10,20,13,102,0,14,983,2,0,64,104,2,,,1,34,189,1234,1458,0,0,0,221,3126
D & N HAVELI,2006,D & N HAVELI2006,237726,70.13,491,9,0,1,6,0,6,18,14,4,5,0,5,41,61,13,48,8,30,10,1,5,35,1,5,1,5,0,16,172,2,1,15,9,0,,,5,5,41,61,112,,,,32,435
DAMAN & DIU,2006,DAMAN & DIU2006,172822,90.68,112,6,3,0,3,0,3,3,1,2,8,0,1,60,63,33,30,24,9,3,4,5,18,0,2,0,2,0,26,48,1,0,3,5,0,,,8,1,60,63,132,,,,8,288
LAKSHADWEEP,2006,LAKSHADWEEP2006,66390,87.79,32,0,2,0,0,0,0,0,0,0,0,0,0,2,17,1,16,12,0,0,0,4,5,0,0,0,1,0,0,37,0,0,0,0,0,,,0,0,2,17,19,,,,1,80
PUDUCHERRY,2006,PUDUCHERRY2006,1050145,82.21,479,30,24,3,9,0,9,18,13,5,2,0,3,84,560,320,240,194,6,36,2,22,927,3,56,39,19,0,209,2441,14,0,25,36,0,,,2,3,84,560,649,,,,139,4687
ANDHRA PRADESH,2007,ANDHRA PRADESH2007,85475214,69.97,275045,2665,1885,135,1070,0,1070,2097,1564,533,170,6,614,7677,24391,6183,18208,1998,869,8103,224,1176,46122,613,4406,3316,11335,0,12629,43586,3383,753,1499,1801,39,,,170,614,7677,24391,32852,0,0,0,22304,175087
ARUNACHAL PRADESH,2007,ARUNACHAL PRADESH2007,1230150,69.96,83743,68,29,2,48,0,48,68,44,24,16,0,75,240,513,116,397,16,41,33,10,22,375,0,72,1,20,0,82,555,0,32,4,105,0,,,16,75,240,513,844,0,0,0,185,2286
ASSAM,2007,ASSAM2007,28771642,83.24,78438,1374,451,109,1437,0,1437,1971,1471,500,299,12,496,2603,7754,1982,5772,2601,653,895,115,380,5175,100,789,10,3000,0,2875,12183,126,49,167,1155,31,,,299,496,2603,7754,11152,5,0,0,6807,45282
BIHAR,2007,BIHAR2007,90234986,63,94163,3034,3113,257,1555,0,1555,2530,1260,1270,686,78,1787,3259,11795,2392,9403,7962,1326,2358,79,865,16288,1172,853,12,1635,56,3789,44931,2786,65,675,1396,27,,,686,1787,3259,11795,17527,2,0,0,6543,109420
CHHATTISGARH,2007,CHHATTISGARH2007,22677703,75.19,135191,1097,747,26,982,0,982,244,181,63,115,13,427,3632,5381,1814,3567,881,150,467,64,253,6801,100,1549,111,824,0,2476,19505,511,615,1024,1576,80,,,115,427,3632,5381,9555,0,0,0,3747,45845
GOA,2007,GOA2007,1495234,83.73,3702,33,23,7,20,0,20,12,7,5,7,0,22,292,494,207,287,70,36,55,10,24,150,2,20,7,14,0,247,934,0,0,70,76,0,,,7,22,292,494,815,1,0,0,70,2479
GUJARAT,2007,GUJARAT2007,54495413,80.09,196024,1166,494,21,316,0,316,1312,1089,223,245,10,1095,4870,18164,8022,10142,1668,1139,1116,286,330,10989,42,822,120,5827,0,4831,68332,1040,156,1110,2276,47,,,245,1095,4870,18164,24374,21,20,0,8216,123195
HARYANA,2007,HARYANA2007,23693466,73.29,44212,911,592,72,488,0,488,801,554,247,139,266,502,4231,11047,6499,4548,1173,726,1232,33,142,5031,269,417,409,2412,0,1545,19159,227,0,325,1457,36,,,139,502,4231,11047,15919,0,0,0,4549,51597
HIMACHAL PRADESH,2007,HIMACHAL PRADESH2007,6704121,79.87,55673,127,57,9,159,0,159,171,150,21,5,0,23,877,1092,264,828,649,132,212,11,141,1318,8,322,33,342,0,597,7937,91,2,151,145,7,,,5,23,877,1092,1997,0,0,0,1014,14222
JAMMU & KASHMIR,2007,JAMMU & KASHMIR2007,10945518,64.42,222236,318,669,23,288,0,288,758,707,51,18,0,111,1460,2086,514,1572,1209,121,489,31,186,374,9,986,353,176,0,243,11535,1,0,26,15,27,,,18,111,1460,2086,3675,6,7,0,2519,21443
JHARKHAND,2007,JHARKHAND2007,29405081,67.36,74677,1617,1076,92,855,0,855,762,534,228,524,40,771,1495,7091,1784,5307,2565,448,814,19,160,3783,303,342,15,801,0,1019,13897,538,268,74,467,12,,,524,771,1495,7091,9881,,,,2850,38489
KARNATAKA,2007,KARNATAKA2007,58683312,75,191791,1538,1251,55,436,1,435,680,390,290,178,242,1313,5449,14351,5887,8464,5783,400,3600,124,262,18963,251,1828,28,2507,0,514,60853,1844,205,266,504,25,,,178,1313,5449,14351,21291,2,0,0,5440,120606
KERALA,2007,KERALA2007,33267388,92.06,38852,367,402,92,512,0,512,255,177,78,121,157,869,4100,5609,2113,3496,7358,394,4215,54,398,18975,27,2624,262,3999,0,59,57681,477,88,487,630,17,,,121,869,4100,5609,10699,1,0,0,7601,108530
MADHYA PRADESH,2007,MADHYA PRADESH2007,66436176,68.12,308245,2244,2423,155,3010,0,3010,922,701,221,143,109,1975,11230,22396,8915,13481,2648,531,1661,38,909,36643,742,6772,780,3294,0,5754,98007,4106,1501,4290,6407,41,,,143,1975,11230,22396,35744,0,0,0,15299,202386
MAHARASHTRA,2007,MAHARASHTRA2007,106106893,81.7,307713,2693,1615,113,1451,0,1451,1312,967,345,716,405,2770,15607,47681,13895,33786,7993,1715,6235,270,1267,29622,436,3306,1039,7356,0,11946,50159,1166,239,2707,6246,77,,,716,2770,15607,47681,66774,2,1,0,14555,195707
MANIPUR,2007,MANIPUR2007,2594543,79.46,22327,240,377,2,20,0,20,150,83,67,3,146,11,70,454,150,304,70,19,93,4,63,377,0,70,0,15,0,1,1074,0,1,49,0,0,,,3,11,70,454,538,0,0,0,188,3259
MEGHALAYA,2007,MEGHALAYA2007,2545191,69.7,22429,114,49,8,82,0,82,52,22,30,55,1,56,203,500,91,409,33,17,164,12,36,124,2,45,1,19,0,68,438,0,0,71,105,1,,,55,56,203,500,814,0,0,0,171,2079
MIZORAM,2007,MIZORAM2007,947443,88.49,21081,43,21,4,83,0,83,4,0,4,0,0,5,457,808,64,744,1,20,66,16,38,85,0,66,0,2,0,34,330,0,0,64,80,11,,,0,5,457,808,1270,0,0,0,151,2083
NAGALAND,2007,NAGALAND2007,2187666,69.68,16579,111,50,8,13,0,13,17,6,11,7,0,75,118,360,194,166,15,13,34,8,5,52,0,8,1,0,0,43,242,0,0,7,0,1,,,7,75,118,360,560,0,0,0,28,1180
ODISHA,2007,ODISHA2007,40894427,74.48,155707,1210,1105,22,939,0,939,801,660,141,247,42,1273,3073,6830,1733,5097,1983,319,1263,30,411,7478,461,2775,241,728,0,3771,19870,1355,394,201,627,2,,,247,1273,3073,6830,11423,0,0,0,5804,54872
PUNJAB,2007,PUNJAB2007,26489497,75.45,50362,760,893,170,519,0,519,760,545,215,37,92,138,2616,5173,2084,3089,1,329,3581,68,96,5663,133,427,48,971,0,2801,10517,177,0,527,105,94,,,37,138,2616,5173,7964,,,,2643,35793
RAJASTHAN,2007,RAJASTHAN2007,61384743,64.19,342239,1303,1772,64,1238,0,1238,2177,1694,483,71,81,778,5164,19345,8258,11087,1626,825,11919,56,675,19720,439,2477,28,8170,0,7096,63846,4174,1110,1252,1969,51,,,71,778,5164,19345,25358,,,,14046,148870
SIKKIM,2007,SIKKIM2007,594286,74,7096,9,14,3,24,0,24,9,9,0,0,0,6,83,118,11,107,15,7,34,3,1,95,0,13,0,7,0,34,192,10,13,31,90,5,,,0,6,83,118,207,,,,53,667
TAMIL NADU,2007,TAMIL NADU2007,69127905,79.95,130060,1633,2078,28,523,0,523,1270,1097,173,88,33,495,3717,13217,2901,10316,2375,261,2510,74,653,16967,208,1540,875,1976,0,11485,110748,1743,17,441,840,52,,,88,495,3717,13217,17517,0,0,0,6219,172754
TRIPURA,2007,TRIPURA2007,3455537,82.16,10486,138,58,2,157,0,157,113,81,32,14,2,64,193,411,55,356,142,42,85,10,23,546,36,244,4,545,0,203,1241,8,6,63,2,13,,,14,64,193,411,682,0,0,0,1067,4273
UTTAR PRADESH,2007,UTTAR PRADESH2007,186710710,68.76,240928,5000,4424,1616,1648,0,1648,4478,3363,1115,437,82,2169,5057,22816,10859,11957,4495,3639,8399,337,268,10694,2076,2522,2882,7650,0,7655,51914,6144,4,2248,414,142,,,437,2169,5057,22816,30479,22,9,0,20141,150258
UTTARAKHAND,2007,UTTARAKHAND2007,9031565,75.58,53566,268,228,50,117,0,117,253,227,26,46,6,173,548,1593,565,1028,459,163,697,39,37,886,70,146,63,463,0,608,2686,71,1,101,116,6,,,46,173,548,1593,2360,,,,1086,9599
WEST BENGAL,2007,WEST BENGAL2007,86379158,72.12,88752,1652,877,394,2106,0,2106,1800,1590,210,146,1150,427,399,13747,2421,11326,3727,672,2406,127,121,6909,451,2281,99,9900,5,3803,27903,4,5,361,100,11,,,146,427,399,13747,14719,2,0,0,16432,81102
A & N ISLANDS,2007,A & N ISLANDS2007,456517,82.04,8249,15,19,1,3,0,3,12,9,3,5,0,9,90,112,8,104,17,7,23,1,11,99,1,21,2,18,0,4,337,0,1,10,,0,,,5,9,90,112,216,,,,54,807
CHANDIGARH,2007,CHANDIGARH2007,1029935,83.3,114,19,26,8,22,0,22,52,46,6,2,0,37,191,1740,853,887,79,38,170,2,9,78,1,32,11,112,0,15,999,0,0,53,115,0,,,2,37,191,1740,1970,,,,224,3643
D & N HAVELI,2007,D & N HAVELI2007,241242,72.63,491,10,2,0,7,0,7,9,6,3,1,0,3,28,87,19,68,39,17,10,1,10,25,0,0,0,3,0,12,161,0,3,11,11,0,,,1,3,28,87,119,,,,16,425
DAMAN & DIU,2007,DAMAN & DIU2007,175886,93.18,112,12,7,0,1,0,1,1,1,0,3,1,2,46,43,28,15,31,5,6,6,3,20,1,0,0,3,0,32,37,0,3,3,14,0,,,3,2,46,43,94,,,,6,260
LAKSHADWEEP,2007,LAKSHADWEEP2007,67655,88.02,32,0,2,0,1,0,1,0,0,0,0,0,0,2,20,2,18,1,0,0,0,0,0,0,2,0,2,0,0,26,0,1,0,0,0,,,0,0,2,20,22,,,,5,56
PUDUCHERRY,2007,PUDUCHERRY2007,1066029,82.41,479,34,42,2,9,0,9,20,14,6,1,2,8,86,787,498,289,145,6,45,1,18,904,2,89,32,17,0,267,2537,25,0,23,62,0,,,1,8,86,787,882,,,,163,5054
ANDHRA PRADESH,2008,ANDHRA PRADESH2008,87064434,71.26,275045,2690,1942,165,1257,0,1257,1970,1396,574,110,11,623,8332,25362,7297,18065,1930,990,8393,379,1021,48167,556,4730,3551,10306,0,12861,43929,3998,750,1321,1516,30,,,110,623,8332,25362,34427,0,0,0,21796,179275
ARUNACHAL PRADESH,2008,ARUNACHAL PRADESH2008,1253428,72.57,83743,72,37,2,42,0,42,79,47,32,14,0,79,245,445,60,385,18,43,28,1,10,479,0,72,1,13,0,104,590,0,63,24,85,0,,,14,79,245,445,783,0,0,0,175,2374
ASSAM,2008,ASSAM2008,29135569,86.57,78438,1426,417,71,1438,0,1438,2239,1789,450,312,74,568,3147,8012,2101,5911,2600,680,996,91,443,6107,103,1272,2,3478,0,2259,17598,104,130,183,642,4,,,312,568,3147,8012,12039,5,0,0,8082,53333
BIHAR,2008,BIHAR2008,91469847,65.67,94163,3139,2954,386,1302,0,1302,3047,1789,1258,686,60,1592,3414,13206,2675,10531,8099,1352,2741,69,772,16644,1210,999,21,1992,22,4592,54370,3617,99,766,1163,38,,,686,1592,3414,13206,18898,0,0,0,7335,122669
CHHATTISGARH,2008,CHHATTISGARH2008,23018591,76.94,135191,1169,736,18,978,0,978,273,216,57,124,17,500,4112,6079,2122,3957,1144,169,562,71,302,8565,106,1621,125,897,0,2800,21074,384,424,1167,2836,39,,,124,500,4112,6079,10815,233,1,8,3943,51442
GOA,2008,GOA2008,1521706,84.01,3702,49,25,11,30,0,30,36,28,8,3,0,23,302,601,238,363,102,47,105,22,27,185,2,32,12,12,0,230,886,4,1,80,66,0,929,72819671,3,23,302,601,929,,,,116,2742
GUJARAT,2008,GUJARAT2008,55144715,81.91,196024,1106,487,35,374,0,374,1323,1119,204,256,14,1322,5053,20715,9947,10768,1809,1167,1167,190,363,10897,27,828,122,6094,0,4934,65525,1231,223,1074,2142,50,,,256,1322,5053,20715,27346,6,6,0,8564,123808
HARYANA,2008,HARYANA2008,24141996,74.18,44212,921,616,92,631,0,631,854,644,210,120,257,555,4249,12709,7674,5035,1184,763,1150,40,139,4504,302,435,605,2435,0,1323,21460,341,0,269,1524,29,,,120,555,4249,12709,17633,0,0,0,5052,55344
HIMACHAL PRADESH,2008,HIMACHAL PRADESH2008,6817502,80.43,55673,129,59,5,157,0,157,151,137,14,6,0,20,885,1152,332,820,627,137,248,11,127,1258,3,295,41,343,0,485,7837,71,0,205,162,1,,,6,20,885,1152,2063,0,0,0,976,13976
JAMMU & KASHMIR,2008,JAMMU & KASHMIR2008,11093300,65.9,222236,237,570,31,219,0,219,704,656,48,3,0,67,1347,2198,689,1509,1782,87,392,23,230,273,21,935,296,162,0,293,10734,0,0,10,11,27,,,3,67,1347,2198,3615,0,0,0,2289,20604
JHARKHAND,2008,JHARKHAND2008,29829238,69.66,74677,1697,1061,112,791,0,791,792,499,293,416,50,761,1375,7269,2165,5104,2576,269,900,24,164,2826,266,271,23,851,39,1310,14843,598,231,71,478,42,,,416,761,1375,7269,9821,,,,2740,38686
KARNATAKA,2008,KARNATAKA2008,59723561,76.49,191791,1698,1475,81,446,0,446,758,405,353,270,248,1615,6258,17820,8960,8860,6013,424,3669,118,265,19159,259,1954,44,2638,1,572,61755,2392,400,388,470,23,,,270,1615,6258,17820,25963,2,0,0,5747,127540
KERALA,2008,KERALA2008,33501597,92.26,38852,362,434,95,568,0,568,253,166,87,91,267,816,3882,5818,1981,3837,8057,435,3659,46,389,19178,31,2745,258,4138,0,37,59061,519,106,549,719,8,,,91,816,3882,5818,10607,2,0,0,7906,110620
MADHYA PRADESH,2008,MADHYA PRADESH2008,67471784,68.85,308245,2322,2282,204,2937,0,2937,929,736,193,160,124,2234,11072,24583,10533,14050,2768,570,1368,47,898,36344,805,6445,758,3185,0,6008,100513,2965,1071,4259,6325,23,,,160,2234,11072,24583,38049,,,,14866,206556
MAHARASHTRA,2008,MAHARASHTRA2008,107689875,82.51,307713,2795,1837,111,1558,0,1558,1379,998,381,811,274,3031,16004,52860,16900,35960,9388,1880,7296,405,1288,29742,390,3619,1091,7829,0,12472,50183,1192,268,2709,6580,87,72706,5157062253,811,3031,16004,52860,72706,3,3,0,15485,206243
MANIPUR,2008,MANIPUR2008,2644609,80.96,22327,187,498,4,38,0,38,176,87,89,1,212,7,76,446,223,223,48,24,161,3,41,301,1,57,0,28,0,2,1038,0,1,89,0,1,,,1,7,76,446,530,0,0,0,211,3349
MEGHALAYA,2008,MEGHALAYA2008,2584434,70.89,22429,126,55,6,88,0,88,56,25,31,63,0,65,168,669,137,532,8,32,104,10,28,204,2,54,4,32,0,64,480,0,0,62,131,3,,,63,65,168,669,965,0,0,0,205,2318
MIZORAM,2008,MIZORAM2008,958060,88.49,21081,35,10,6,77,0,77,9,1,8,4,0,6,338,747,27,720,1,34,57,15,18,118,0,78,0,5,0,53,378,0,0,22,59,4,,,4,6,338,747,1095,0,0,0,161,1989
NAGALAND,2008,NAGALAND2008,2222580,70.2,16579,143,47,13,19,0,19,44,7,37,6,0,87,127,345,182,163,4,16,31,4,14,46,0,15,1,4,0,44,192,0,0,3,0,0,,,6,87,127,345,565,0,0,0,46,1202
ODISHA,2008,ODISHA2008,41595708,76.38,155707,1250,1415,84,1113,0,1113,908,762,146,305,67,1345,3100,7419,1975,5444,2721,342,1244,26,869,7013,401,2782,282,1618,0,3535,18916,1836,508,141,754,15,12169,480069320,305,1345,3100,7419,12169,0,0,0,6958,56755
PUNJAB,2008,PUNJAB2008,26859458,76.42,50362,769,956,146,517,0,517,718,514,204,40,122,167,2621,5563,2182,3381,1,236,3192,78,75,5597,128,388,49,984,0,2845,10122,101,0,389,102,89,,,40,167,2621,5563,8391,,,,2580,35314
RAJASTHAN,2008,RAJASTHAN2008,62203866,64.82,342239,1297,1649,54,1355,0,1355,2358,1863,495,64,77,829,4736,20411,9857,10554,1390,737,12097,51,615,21117,439,2520,19,8113,0,7322,63924,4302,1038,1223,2214,48,,,64,829,4736,20411,26040,,,,14309,151174
SIKKIM,2008,SIKKIM2008,603951,74.87,7096,9,7,3,20,0,20,4,4,0,1,0,7,81,127,9,118,17,6,46,0,23,100,0,19,0,5,0,40,215,17,12,24,33,0,216,9093796,1,7,81,127,216,,,,48,730
TAMIL NADU,2008,TAMIL NADU2008,70299260,81.03,130060,1759,2327,28,573,0,573,1375,1160,215,100,66,662,3849,15019,3722,11297,2811,231,2349,599,610,20529,207,1705,974,1648,0,12328,107084,1618,14,666,984,46,,,100,662,3849,15019,19630,,,,6267,176833
TRIPURA,2008,TRIPURA2008,3499008,83.65,10486,155,53,2,204,0,204,146,110,36,13,3,95,218,499,43,456,197,42,92,23,47,924,16,346,4,735,0,195,1327,4,14,163,43,2,,,13,95,218,499,825,,,,1415,5336
UTTAR PRADESH,2008,UTTAR PRADESH2008,190386511,70.66,240928,4564,4233,1493,1871,0,1871,5428,4439,989,313,76,2097,5418,25946,12064,13882,4381,4296,9327,420,228,11683,2237,2955,3374,8312,0,10102,60242,8009,9,4078,328,118,,,313,2097,5418,25946,33774,1,3,0,23188,168996
UTTARAKHAND,2008,UTTARAKHAND2008,9124245,76.24,53566,223,217,40,87,0,87,247,222,25,16,2,144,423,1622,726,896,509,171,463,31,15,937,73,120,306,340,0,590,2280,42,0,38,122,6,,,16,144,423,1622,2205,,,,1148,8856
WEST BENGAL,2008,WEST BENGAL2008,87363895,72.7,88752,1811,1732,488,2263,0,2263,2332,1907,425,184,1055,613,462,17334,2593,14741,5425,876,2938,148,150,9033,451,2396,94,13663,5,3789,38177,19,17,513,660,16,18593,556054907,184,613,462,17334,18593,0,0,0,20779,105419
A & N ISLANDS,2008,A & N ISLANDS2008,474389,82.17,8249,8,11,2,12,0,12,17,13,4,0,0,14,78,128,11,117,16,12,19,1,15,107,2,24,3,26,0,4,383,0,3,47,,1,,,0,14,78,128,220,,,,80,882
CHANDIGARH,2008,CHANDIGARH2008,1052361,83.53,114,17,28,6,20,0,20,50,42,8,1,4,23,257,1991,1094,897,85,37,213,0,2,73,3,19,2,49,0,11,1040,2,0,66,157,0,2272,99265514,1,23,257,1991,2272,0,0,0,135,3931
D & N HAVELI,2008,D & N HAVELI2008,244779,75.13,491,9,2,0,6,0,6,17,11,6,1,0,0,49,54,18,36,24,10,24,1,6,26,0,4,0,4,0,10,154,1,10,17,22,0,104,11846843,1,0,49,54,104,,,,25,401
DAMAN & DIU,2008,DAMAN & DIU2008,178997,95.68,112,2,2,0,0,0,0,4,1,3,2,0,4,45,49,31,18,35,4,2,1,3,12,0,2,1,5,0,39,36,0,0,4,11,0,,,2,4,45,49,100,,,,9,248
LAKSHADWEEP,2008,LAKSHADWEEP2008,68960,88.25,32,1,0,0,2,0,2,1,1,0,0,0,0,3,8,1,7,12,0,0,0,2,12,0,0,0,1,0,0,53,0,0,0,0,0,,,0,0,3,8,11,,,,4,95
PUDUCHERRY,2008,PUDUCHERRY2008,1082148,82.6,479,35,35,3,8,0,8,17,9,8,10,3,10,90,688,443,245,165,13,53,2,9,873,2,65,21,12,0,207,2668,29,0,26,51,0,,,10,10,90,688,798,,,,117,4989
ANDHRA PRADESH,2009,ANDHRA PRADESH2009,88666901,72.55,275045,2449,1859,134,1188,0,1188,1958,1526,432,102,27,544,7772,24692,7804,16888,2261,904,8528,461,1039,44488,546,5147,3520,11297,0,13438,48087,4504,830,1719,1540,50,,,102,544,7772,24692,33110,0,0,0,23224,180441
ARUNACHAL PRADESH,2009,ARUNACHAL PRADESH2009,1277053,75.17,83743,59,33,5,59,0,59,62,28,34,20,0,55,201,381,109,272,52,38,29,8,28,526,0,58,6,13,0,110,619,0,21,33,139,0,,,20,55,201,381,657,0,0,0,164,2362
ASSAM,2009,ASSAM2009,29502947,89.9,78438,1323,417,35,1631,0,1631,2718,2092,626,251,21,680,3149,7644,1713,5931,1808,802,1098,84,476,6547,170,1342,10,4398,1,2735,17973,0,9,,555,4,,,251,680,3149,7644,11724,96,0,0,9644,55313
BIHAR,2009,BIHAR2009,92712901,68.34,94163,3152,3068,243,929,0,929,3222,1986,1236,654,64,1619,3566,15221,3674,11547,8554,1186,2676,69,685,14746,1295,726,12,2532,31,4516,54165,3836,67,1016,980,28,,,654,1619,3566,15221,21060,9,5,4,7511,122931
CHHATTISGARH,2009,CHHATTISGARH2009,23364374,78.7,135191,1083,732,19,976,0,976,286,229,57,134,16,554,3975,5792,2181,3611,957,166,682,68,335,9543,128,1598,152,893,0,2735,20546,284,376,1321,2860,103,,,134,554,3975,5792,10455,67,67,54,3976,51370
GOA,2009,GOA2009,1548721,84.3,3702,53,24,11,47,0,47,33,22,11,4,0,30,294,858,336,522,50,52,132,27,24,191,3,37,10,21,0,220,884,3,0,92,76,1,,,4,30,294,858,1186,,,,140,3005
GUJARAT,2009,GUJARAT2009,55792963,83.74,196024,1020,468,30,433,0,433,1348,1162,186,246,11,1420,4488,19669,11130,8539,1539,1256,1014,238,240,9456,24,727,114,5506,0,5178,60758,1182,195,968,1870,49,,,246,1420,4488,19669,25823,2,0,0,7966,115183
HARYANA,2009,HARYANA2009,24597824,75.08,44212,948,690,78,603,0,603,916,659,257,153,297,679,4077,12917,8449,4468,1166,827,1406,35,153,3977,281,451,605,2617,0,1549,21804,303,0,353,1190,45,,,153,679,4077,12917,17826,0,0,0,5216,56229
HIMACHAL PRADESH,2009,HIMACHAL PRADESH2009,6933560,81,55673,125,73,13,183,0,183,150,122,28,4,0,21,784,823,327,496,591,117,264,2,124,1230,1,318,37,284,0,616,7555,88,1,221,162,1,,,4,21,784,823,1632,0,0,0,945,13315
JAMMU & KASHMIR,2009,JAMMU & KASHMIR2009,11245253,67.38,222236,237,547,23,237,0,237,873,825,48,1,0,69,1566,2631,876,1755,1472,132,475,37,217,331,12,972,371,196,0,517,11059,1,0,18,10,20,,,1,69,1566,2631,4267,0,0,0,2613,21975
JHARKHAND,2009,JHARKHAND2009,30257439,71.96,74677,1636,1274,104,719,0,719,827,517,310,412,53,780,1392,7716,2990,4726,2312,473,910,15,203,4132,295,276,83,710,6,1678,11430,631,182,60,728,53,,,412,780,1392,7716,10300,,,,2606,37436
KARNATAKA,2009,KARNATAKA2009,60776921,77.98,191791,1702,1607,79,509,0,509,892,408,484,273,346,1825,6629,20576,11093,9483,6269,461,5079,171,293,20105,264,2186,64,3185,2,417,61108,2174,272,308,252,21,,,273,1825,6629,20576,29303,0,0,0,6618,134042
KERALA,2009,KERALA2009,33735007,92.46,38852,343,408,100,568,0,568,256,173,83,112,266,830,3554,5564,2029,3535,8086,354,3394,66,503,18274,20,2540,395,4007,0,41,68688,467,102,587,677,13,,,112,830,3554,5564,10060,1,1,0,7703,118369
MADHYA PRADESH,2009,MADHYA PRADESH2009,68513643,69.58,308245,2386,2212,117,2998,1,2997,1036,841,195,117,156,2270,10661,23260,10705,12555,2409,575,1830,27,741,37132,858,6307,728,3983,1,6591,101367,3040,1135,4646,5174,29,,,117,2270,10661,23260,36308,,,,15716,207762
MAHARASHTRA,2009,MAHARASHTRA2009,109291221,83.32,307713,2653,1880,98,1483,0,1483,1286,926,360,780,287,3314,15841,50930,18133,32797,8030,1895,7976,478,1105,28326,341,3196,1099,7681,0,12459,48460,1096,224,2894,6465,152,,,780,3314,15841,50930,70865,6,6,0,14726,199598
MANIPUR,2009,MANIPUR2009,2695109,82.46,22327,131,478,2,31,0,31,159,97,62,1,188,3,68,394,283,111,48,20,96,1,81,224,0,39,2,25,0,0,861,0,0,72,0,1,,,1,3,68,394,466,0,0,0,194,2852
MEGHALAYA,2009,MEGHALAYA2009,2624104,72.08,22429,128,39,12,112,0,112,56,26,30,64,1,67,147,545,180,365,18,26,113,9,54,207,0,72,1,24,1,72,680,0,0,83,87,1,,,64,67,147,545,823,0,0,0,236,2448
MIZORAM,2009,MIZORAM2009,968913,88.49,21081,31,14,8,83,1,82,9,0,9,2,0,4,381,761,77,684,1,30,61,9,24,120,0,61,1,4,0,36,407,0,0,14,19,0,,,2,4,381,761,1148,,,,149,2047
NAGALAND,2009,NAGALAND2009,2258087,70.71,16579,46,35,7,22,0,22,52,10,42,8,0,92,82,347,69,278,4,6,33,3,4,38,0,11,0,0,0,34,235,0,0,0,14,0,,,8,92,82,347,529,0,0,0,43,1059
ODISHA,2009,ODISHA2009,42302794,78.28,155707,1250,1231,48,1023,0,1023,930,799,131,380,63,1488,2937,7136,2521,4615,1718,258,1137,34,413,6816,384,2697,210,2047,1,2979,20560,1709,552,194,464,25,,,380,1488,2937,7136,11941,6,0,0,7161,55740
PUNJAB,2009,PUNJAB2009,27233507,77.38,50362,853,1014,129,511,0,511,692,513,179,38,96,171,2507,5624,2713,2911,8,234,3098,63,101,5498,126,319,33,1061,0,3289,10080,108,0,729,200,66,,,38,171,2507,5624,8340,,,,2563,35545
RAJASTHAN,2009,RAJASTHAN2009,63024553,65.45,342239,1395,1673,80,1519,0,1519,2870,2310,560,53,57,886,5294,22144,12156,9988,1145,842,15037,59,556,21652,436,2485,24,10371,0,7898,70089,4985,1183,1407,2298,38,,,53,886,5294,22144,28377,,,,17145,166565
SIKKIM,2009,SIKKIM2009,613843,75.73,7096,19,7,3,18,0,18,6,6,0,0,0,4,93,62,8,54,39,4,12,2,9,91,0,10,0,6,0,59,225,16,14,40,60,2,,,0,4,93,62,159,,,,40,669
TAMIL NADU,2009,TAMIL NADU2009,71484288,82.11,130060,1776,2325,26,596,0,596,1372,1133,239,97,34,1144,4221,15712,4973,10739,2397,215,2557,352,580,18147,194,1242,501,1460,0,13528,106215,1312,22,634,1430,80,,,97,1144,4221,15712,21174,0,0,0,5126,174691
TRIPURA,2009,TRIPURA2009,3542715,85.15,10486,133,59,2,190,0,190,121,92,29,7,0,77,231,415,39,376,178,52,110,20,62,1047,29,384,5,815,0,225,1324,7,27,163,87,2,,,7,77,231,415,730,,,,1515,5486
UTTAR PRADESH,2009,UTTAR PRADESH2009,194140928,72.56,240928,4534,4141,1439,1759,0,1759,6083,5078,1005,365,59,2285,5260,29226,16109,13117,4263,3917,8845,339,254,10934,2232,2782,2524,8566,0,12159,60918,7522,4,3085,438,115,,,365,2285,5260,29226,37136,,,,22941,172884
UTTARAKHAND,2009,UTTARAKHAND2009,9217604,76.9,53566,195,185,51,111,0,111,275,247,28,35,7,179,363,1601,735,866,466,156,544,43,17,1198,94,119,249,361,0,685,1868,58,0,33,180,18,,,35,179,363,1601,2178,,,,1181,8802
WEST BENGAL,2009,WEST BENGAL2009,88336987,73.28,88752,2068,2119,931,2336,0,2336,2750,2187,563,214,724,751,329,17133,3709,13424,6700,918,3298,153,344,11196,506,1942,108,16112,5,3623,38776,21,16,484,160,22,,,214,751,329,17133,18427,0,0,0,23196,113036
A & N ISLANDS,2009,A & N ISLANDS2009,492605,82.29,8249,15,4,4,18,0,18,16,14,2,0,0,11,86,134,10,124,11,7,20,2,12,89,1,30,7,21,0,2,451,0,2,41,,0,,,0,11,86,134,231,,,,91,941
CHANDIGARH,2009,CHANDIGARH2009,1075059,83.75,114,22,18,8,29,0,29,40,36,4,4,3,27,241,1731,1117,614,66,38,193,4,4,63,2,26,2,51,0,7,976,0,0,71,134,5,,,4,27,241,1731,2003,0,0,0,146,3555
D & N HAVELI,2009,D & N HAVELI2009,248338,77.63,491,10,5,1,4,0,4,12,9,3,9,0,2,43,63,21,42,53,17,20,1,5,23,0,2,1,3,0,17,151,1,16,11,26,0,,,9,2,43,63,117,,,,19,442
DAMAN & DIU,2009,DAMAN & DIU2009,182155,98.18,112,5,4,1,1,0,1,0,0,0,0,0,4,33,41,27,14,29,8,4,3,3,14,0,4,1,3,0,40,78,2,0,2,2,0,,,0,4,33,41,78,,,,9,276
LAKSHADWEEP,2009,LAKSHADWEEP2009,70304,88.48,32,0,1,0,1,0,1,0,0,0,3,0,0,1,10,5,5,44,0,0,0,2,14,0,0,0,0,0,0,58,0,0,0,0,0,,,3,0,1,10,14,,,,1,134
PUDUCHERRY,2009,PUDUCHERRY2009,1098503,82.8,479,37,25,5,1,0,1,18,13,5,7,5,9,71,711,502,209,141,7,47,5,11,901,0,53,16,10,0,233,2278,29,0,21,79,0,,,7,9,71,711,798,,,,93,4591
ANDHRA PRADESH,2010,ANDHRA PRADESH2010,90282867,73.84,275045,2538,1953,155,1362,0,1362,2053,1531,522,134,2,550,8200,26756,7422,19334,2231,1130,9164,186,925,46777,588,4634,4562,12080,0,14085,41373,4321,807,1823,1863,46,,,134,550,8200,26756,35640,0,0,0,24757,181438
ARUNACHAL PRADESH,2010,ARUNACHAL PRADESH2010,1301020,77.77,83743,75,34,3,47,0,47,67,46,21,15,0,69,211,445,139,306,31,59,91,0,28,439,0,84,1,12,0,106,622,0,54,20,81,0,,,15,69,211,445,740,0,0,0,190,2439
ASSAM,2010,ASSAM2010,29873851,93.23,78438,1223,431,46,1721,5,1716,3250,2767,483,248,12,662,3458,7860,2124,5736,2183,992,1371,68,437,5744,175,1400,20,5410,0,2847,22110,7,3,197,383,13,,,248,662,3458,7860,12228,5,0,0,11493,61668
BIHAR,2010,BIHAR2010,93964050,71.01,94163,3362,2915,344,795,0,795,3674,2569,1105,644,46,1538,3437,15544,4257,11287,8809,1071,3025,52,660,15328,1257,534,16,2271,8,5615,56508,3516,71,1843,693,15,,,644,1538,3437,15544,21163,9,5,4,7450,127453
CHHATTISGARH,2010,CHHATTISGARH2010,23715086,80.45,135191,1065,756,30,1012,0,1012,359,279,80,122,15,552,3711,5805,2139,3666,1092,196,813,59,319,10188,115,1706,182,861,2,2907,23091,271,386,1463,2128,82,,,122,552,3711,5805,10190,0,0,0,4157,54958
GOA,2010,GOA2010,1576280,84.59,3702,35,27,3,36,0,36,25,18,7,2,0,39,368,1034,359,675,64,57,117,33,23,177,1,36,16,17,0,256,927,1,0,79,76,0,,,2,39,368,1034,1443,1,0,0,124,3293
GUJARAT,2010,GUJARAT2010,56440178,85.56,196024,1048,462,44,408,0,408,1447,1290,157,186,18,1384,4071,16794,9817,6977,1623,1214,1002,255,260,10131,19,668,110,5600,0,5907,63788,1008,155,1006,1688,57,,,186,1384,4071,16794,22435,8,2,0,8095,116439
HARYANA,2010,HARYANA2010,25061016,75.98,44212,1005,836,63,720,0,720,963,714,249,147,248,734,4445,16266,11299,4967,1414,919,1662,29,221,3733,284,476,580,2720,0,1595,20060,380,0,303,836,26,,,147,734,4445,16266,21592,1,1,0,5494,59120
HIMACHAL PRADESH,2010,HIMACHAL PRADESH2010,7052334,81.56,55673,132,74,12,160,0,160,194,162,32,2,0,11,743,838,334,504,615,110,318,4,127,1374,2,350,78,275,0,610,7020,101,2,246,206,5,,,2,11,743,838,1594,0,0,0,1027,13049
JAMMU & KASHMIR,2010,JAMMU & KASHMIR2010,11401351,68.86,222236,217,711,26,245,0,245,896,840,56,6,0,61,1406,2510,967,1543,2169,150,422,19,224,278,9,1038,262,211,0,494,11869,1,0,17,27,25,,,6,61,1406,2510,3983,0,0,0,2605,23223
JHARKHAND,2010,JHARKHAND2010,30689605,74.26,74677,1689,1028,82,773,0,773,978,696,282,335,19,709,1357,7090,2709,4381,2447,505,988,16,185,4271,276,245,16,650,8,1745,13477,577,234,54,96,55,,,335,709,1357,7090,9491,,,,2664,38889
KARNATAKA,2010,KARNATAKA2010,61843534,79.47,191791,1805,1850,94,586,0,586,1374,586,788,272,300,1949,6059,20093,10840,9253,7710,464,5543,192,286,21835,248,2544,83,3441,0,471,65123,2505,294,409,180,22,,,272,1949,6059,20093,28373,0,0,0,7488,142322
KERALA,2010,KERALA2010,33967620,92.66,38863,363,361,86,634,0,634,261,184,77,74,221,636,2682,4380,1486,2894,8724,343,3581,54,374,18532,22,2936,537,4797,0,47,98668,583,88,596,801,5,,,74,636,2682,4380,7772,0,0,0,9110,148313
MADHYA PRADESH,2010,MADHYA PRADESH2010,69561812,70.31,308245,2423,2277,123,3135,0,3135,1187,1030,157,110,110,1919,9897,21577,11353,10224,2606,507,1779,33,748,39193,892,6646,918,3756,5,7038,107390,3374,1384,4912,6028,31,,,110,1919,9897,21577,33503,,,,16382,214269
MAHARASHTRA,2010,MAHARASHTRA2010,110911542,84.13,307713,2744,1926,152,1599,0,1599,1508,1124,384,778,285,3721,16617,52565,18676,33889,8412,1948,8684,389,1229,29696,393,3661,1180,7434,0,13508,49739,1132,292,3264,5884,97,,,778,3721,16617,52565,73681,1,0,0,15391,208168
MANIPUR,2010,MANIPUR2010,2746055,83.95,22327,92,258,1,34,0,34,199,107,92,0,196,2,66,417,254,163,65,24,59,7,86,227,0,31,0,18,0,1,932,0,0,73,0,1,,,0,2,66,417,485,0,0,0,190,2715
MEGHALAYA,2010,MEGHALAYA2010,2664207,73.27,22429,134,60,8,149,0,149,71,37,34,42,1,67,166,664,152,512,7,37,98,4,52,154,0,48,0,24,0,53,666,0,0,110,110,0,,,42,67,166,664,939,0,0,0,258,2505
MIZORAM,2010,MIZORAM2010,979999,88.49,21081,48,27,7,92,0,92,9,0,9,3,0,16,425,823,69,754,0,25,79,12,15,116,0,75,0,3,0,44,355,0,0,50,76,1,,,3,16,425,823,1267,,,,170,2174
NAGALAND,2010,NAGALAND2010,2294197,71.23,16579,45,35,13,16,0,16,50,6,44,3,0,63,62,397,80,317,2,13,39,3,1,36,0,13,3,1,0,22,242,0,0,10,46,0,,,3,63,62,397,525,0,0,0,39,1059
ODISHA,2010,ODISHA2010,43015702,80.18,155707,1308,1436,31,1025,0,1025,1016,912,104,346,117,1491,2855,7572,2627,4945,1779,322,1108,29,430,7181,388,2905,232,2067,5,3450,19366,1710,556,194,527,12,,,346,1491,2855,7572,12264,5,1,0,7534,56459
PUNJAB,2010,PUNJAB2010,27611548,78.35,50362,907,994,120,546,0,546,789,576,213,65,143,241,2661,5446,2467,2979,0,243,3527,75,101,4873,121,349,38,1163,0,3350,10896,115,0,627,226,110,,,65,241,2661,5446,8413,,,,2793,36648
RAJASTHAN,2010,RAJASTHAN2010,63846695,66.08,342239,1421,1557,104,1571,0,1571,2985,2477,508,37,84,872,4714,22324,13245,9079,986,789,16584,36,478,19247,462,2339,23,11145,0,7978,67221,4979,1319,1318,2223,44,,,37,872,4714,22324,27947,,,,18017,162957
SIKKIM,2010,SIKKIM2010,623967,76.6,7096,17,6,2,18,0,18,6,6,0,1,0,7,72,53,8,45,4,1,20,3,7,73,1,11,0,3,0,47,200,3,1,29,66,1,,,1,7,72,53,133,,,,39,552
TAMIL NADU,2010,TAMIL NADU2010,72682776,83.19,130058,1875,2641,32,686,0,686,1720,1464,256,85,12,1817,4715,14583,5045,9538,2664,177,3259,312,636,21309,165,1405,638,1570,0,14644,110733,1631,33,810,1091,67,,,85,1817,4715,14583,21200,,,,5928,185678
TRIPURA,2010,TRIPURA2010,3586662,86.64,10486,150,63,8,238,0,238,114,91,23,16,2,65,221,457,64,393,163,53,122,6,51,1136,25,376,9,937,0,237,1356,11,35,227,45,2,,,16,65,221,457,759,,,,1676,5805
UTTAR PRADESH,2010,UTTAR PRADESH2010,197975303,74.46,240928,4401,4004,1401,1563,1,1562,6321,5468,853,337,48,2577,4915,31153,18216,12937,4186,3817,9553,426,170,10336,2217,2793,11,7978,0,14472,61500,6272,0,2332,781,105,,,337,2577,4915,31153,38982,6,5,0,20030,174179
UTTARAKHAND,2010,UTTARAKHAND2010,9311652,77.56,53566,176,219,60,121,0,121,286,249,37,12,2,162,310,2138,871,1267,458,167,567,33,17,974,75,125,165,334,0,738,2101,35,0,31,148,15,,,12,162,310,2138,2622,,,,1069,9240
WEST BENGAL,2010,WEST BENGAL2010,89299017,73.86,88752,2398,2111,630,2311,0,2311,3345,2764,581,288,687,798,388,19389,4123,15266,6809,1011,3260,214,331,12764,507,2465,163,17796,8,2847,49096,63,47,880,277,25,,,288,798,388,19389,20863,1,0,0,26014,129616
A & N ISLANDS,2010,A & N ISLANDS2010,511170,82.42,8249,9,7,4,24,0,24,10,8,2,1,0,7,80,121,22,99,11,10,56,0,12,80,0,31,10,9,0,9,489,0,1,51,,1,,,1,7,80,121,209,,,,82,980
CHANDIGARH,2010,CHANDIGARH2010,1098033,83.98,114,21,30,9,31,0,31,38,28,10,5,6,67,236,1481,898,583,65,23,163,3,9,65,5,29,4,41,0,6,1036,0,0,59,166,0,,,5,67,236,1481,1789,,,,138,3373
D & N HAVELI,2010,D & N HAVELI2010,251919,80.13,491,6,0,1,3,0,3,18,10,8,2,0,3,25,63,34,29,44,12,18,1,2,11,0,11,2,3,0,20,133,0,2,13,19,0,,,2,3,25,63,93,,,,29,378
DAMAN & DIU,2010,DAMAN & DIU2010,185362,,112,5,2,1,1,0,1,2,2,0,6,0,0,27,47,29,18,11,4,5,0,0,12,0,2,0,3,0,38,37,0,0,2,9,0,,,6,0,27,47,80,,,,8,203
LAKSHADWEEP,2010,LAKSHADWEEP2010,71687,88.7,32,0,0,0,0,0,0,0,0,0,0,0,0,5,5,0,5,3,0,0,0,2,1,0,0,0,0,0,0,26,0,0,0,0,0,,,0,0,5,5,10,,,,0,42
PUDUCHERRY,2010,PUDUCHERRY2010,1115085,82.99,479,33,19,16,3,0,3,17,14,3,2,10,5,72,534,384,150,131,12,77,3,10,806,1,46,22,7,0,242,1867,31,0,16,43,0,,,2,5,72,534,613,,,,93,3935
ANDHRA PRADESH,2011,ANDHRA PRADESH2011,91912596,67.02,275045,2808,2229,171,1442,0,1442,2154,1612,542,126,7,600,8300,28267,8966,19301,2210,1174,9748,224,1021,54452,599,4849,3658,13376,0,13973,38392,4016,805,2213,,,,,126,600,8300,28267,37293,,,,25536,189780
ARUNACHAL PRADESH,2011,ARUNACHAL PRADESH2011,1325322,65.38,83743,65,29,2,42,0,42,93,60,33,13,0,64,183,414,152,262,49,54,74,2,34,379,0,51,0,18,0,98,622,0,34,35,,,,,13,64,183,414,674,,,,171,2286
ASSAM,2011,ASSAM2011,30248340,72.19,78438,1303,504,48,1700,0,1700,3764,3192,572,305,4,837,3327,8309,585,7724,2328,920,1495,60,506,6306,121,1193,8,5246,2,2915,25513,0,2,236,,,,,305,837,3327,8309,12778,,,,11462,66714
BIHAR,2011,BIHAR2011,95223170,61.8,94163,3198,3327,348,934,1,933,4268,3050,1218,556,105,1381,3629,16292,5041,11251,9768,1741,3776,64,705,19391,1413,790,11,2607,10,5877,55705,3623,97,2233,,,,,556,1381,3629,16292,21858,,,,8815,135896
CHHATTISGARH,2011,CHHATTISGARH2011,24070759,70.28,135191,1110,747,28,1053,0,1053,472,365,107,68,7,470,3548,5315,2292,3023,934,180,980,65,289,11105,104,1654,174,834,2,2856,25223,253,336,1782,,,,,68,470,3548,5315,9401,,,,4186,57218
GOA,2011,GOA2011,1604384,88.7,3702,48,22,6,29,0,29,28,17,11,2,0,26,318,1115,463,652,74,45,142,31,24,215,1,29,12,18,0,263,1001,4,1,75,,,,,2,26,318,1115,1461,,,,106,3449
GUJARAT,2011,GUJARAT2011,57086389,78.03,196024,1126,478,43,439,0,439,1614,1442,172,221,24,1368,4509,16043,8934,7109,1615,1339,1399,256,263,10159,30,685,93,6052,0,5827,69788,1063,153,1131,,,,,221,1368,4509,16043,22141,,,,8741,123371
HARYANA,2011,HARYANA2011,25531730,75.55,44212,1062,851,60,733,0,733,959,733,226,167,176,638,5011,17425,12541,4884,1466,812,1761,18,166,3423,255,474,490,2740,0,1505,20549,408,0,280,,,,,167,638,5011,17425,23241,,,,5425,60741
HIMACHAL PRADESH,2011,HIMACHAL PRADESH2011,7173879,82.8,55673,130,50,6,168,0,168,212,191,21,1,0,10,995,1042,356,686,530,143,359,4,110,1251,4,331,62,239,0,563,8102,94,4,261,,,,,1,10,995,1042,2048,,,,995,14312
JAMMU & KASHMIR,2011,JAMMU & KASHMIR2011,11561741,67.16,222236,169,494,29,277,0,277,1077,1023,54,14,0,88,1516,2655,930,1725,1405,195,612,39,205,246,11,1194,350,286,0,385,13257,1,0,25,,,,,14,88,1516,2655,4273,,,,3141,24504
JHARKHAND,2011,JHARKHAND2011,31125719,66.41,74677,1747,718,83,784,0,784,941,660,281,309,40,614,1235,6378,1872,4506,2133,447,907,22,138,4403,282,317,7,659,6,1728,11940,636,309,85,,,,,309,614,1235,6378,8536,,,,2715,35838
KARNATAKA,2011,KARNATAKA2011,62923535,75.36,191791,1820,1837,85,636,0,636,1395,715,680,214,399,2123,6136,19834,10226,9608,7265,440,5850,105,231,21295,267,2608,81,3712,12,750,60505,2481,285,334,,,,,214,2123,6136,19834,28307,,,,8031,137600
KERALA,2011,KERALA2011,34199435,94,38863,365,521,105,1132,0,1132,299,221,78,71,245,741,3001,4704,1454,3250,10754,340,5155,56,450,21747,15,3756,573,5377,0,65,112665,761,231,1452,,,,,71,741,3001,4704,8517,,,,11074,172137
MADHYA PRADESH,2011,MADHYA PRADESH2011,70616363,69.32,308245,2511,2340,139,3406,0,3406,1288,1088,200,118,117,1952,10230,22414,11595,10819,2080,557,1860,12,784,35711,811,6665,762,3732,45,7478,112082,3245,1284,4381,,,,,118,1952,10230,22414,34714,,,,16509,217094
MAHARASHTRA,2011,MAHARASHTRA2011,112551610,82.34,307713,2818,2105,144,1701,0,1701,1669,1252,417,773,291,4249,16313,53449,19270,34179,8556,1883,9098,351,1255,29769,339,3794,1071,7136,0,13024,45114,1143,321,3362,,,,,773,4249,16313,53449,74784,,,,15293,204902
MANIPUR,2011,MANIPUR2011,2797463,79.85,22327,78,245,4,53,0,53,169,116,53,1,154,7,52,719,553,166,70,42,126,12,99,292,1,38,0,39,0,2,1015,0,1,87,,,,,1,7,52,719,779,,,,247,3218
MEGHALAYA,2011,MEGHALAYA2011,2704745,73.78,22429,170,51,3,130,0,130,87,37,50,49,0,63,145,696,190,506,8,52,166,13,34,197,1,74,1,21,3,90,701,0,0,104,,,,,49,63,145,696,953,,,,267,2755
MIZORAM,2011,MIZORAM2011,991322,91.58,21081,26,24,8,77,0,77,6,0,6,1,0,6,336,734,39,695,0,21,66,2,19,97,0,72,1,9,0,37,279,0,0,52,,,,,1,6,336,734,1077,,,,159,1821
NAGALAND,2011,NAGALAND2011,2330916,80.11,16579,46,43,11,23,0,23,34,3,31,7,0,59,73,360,85,275,1,16,31,5,2,55,0,9,0,1,0,15,292,0,0,20,,,,,7,59,73,360,499,,,,36,1083
ODISHA,2011,ODISHA2011,43734549,73.45,155707,1477,1621,51,1112,0,1112,1139,1008,131,417,84,1583,3031,8724,2986,5738,1556,250,1391,10,423,7894,465,3207,235,2320,0,3778,20509,1455,484,315,,,,,417,1583,3031,8724,13755,,,,8347,61277
PUNJAB,2011,PUNJAB2011,27993488,75.84,50362,842,997,112,479,0,479,681,517,164,28,143,236,2488,4784,2107,2677,0,281,3571,58,83,4757,143,282,31,1136,0,3576,10175,90,0,622,,,,,28,236,2488,4784,7536,,,,2588,34883
RAJASTHAN,2011,RAJASTHAN2011,64670084,63.82,342239,1461,1566,100,1800,0,1800,3204,2713,491,28,72,727,4510,21099,12566,8533,751,741,17497,56,473,17977,514,2447,9,12218,0,8122,70250,5182,1263,1491,,,,,28,727,4510,21099,26364,,,,19701,165622
SIKKIM,2011,SIKKIM2011,634329,80.42,7096,14,7,8,16,0,16,10,10,0,0,0,5,60,72,8,64,25,4,31,3,4,75,0,24,0,4,0,57,177,9,8,29,,,,,0,5,60,72,137,,,,54,596
TAMIL NADU,2011,TAMIL NADU2011,73894269,80.33,130058,1877,2962,28,677,0,677,1984,1743,241,101,11,2066,4848,13924,4911,9013,3009,238,3872,275,706,21167,152,1467,464,1812,0,16076,115163,1391,23,925,,,,,101,2066,4848,13924,20939,,,,6315,192879
TRIPURA,2011,TRIPURA2011,3630854,81.42,10486,163,75,0,205,0,205,154,116,38,11,0,50,227,494,59,435,175,54,99,9,58,1340,30,294,9,702,0,14,1640,22,30,102,,,,,11,50,227,494,782,,,,1356,5803
UTTAR PRADESH,2011,UTTAR PRADESH2011,201891234,64.68,240928,4951,4653,1454,2042,0,2042,8500,7525,975,379,39,3148,5765,36683,21363,15320,5022,3721,9941,270,477,12234,2322,3455,3,7121,0,14380,68575,7702,35,5500,,,,,379,3148,5765,36683,45975,,,,22468,195135
UTTARAKHAND,2011,UTTARAKHAND2011,9406398,79.63,53483,178,189,54,129,0,129,314,283,31,13,1,179,342,2093,840,1253,401,115,519,26,17,852,83,116,72,307,0,696,2078,32,0,83,,,,,13,179,342,2093,2627,,,,990,8774
WEST BENGAL,2011,WEST BENGAL2011,90251375,76.26,88752,2109,2242,486,2363,0,2363,4285,3711,574,236,939,760,455,21446,4642,16804,6019,1264,4171,207,413,13094,510,2363,200,19772,0,3249,56614,59,41,1450,,,,,236,760,455,21446,22897,,,,28919,143197
A & N ISLANDS,2011,A & N ISLANDS2011,530089,86.05,8249,14,6,2,13,0,13,15,12,3,1,0,1,99,88,4,84,11,3,32,0,6,81,0,15,3,5,0,6,392,0,7,31,,,,,1,1,99,88,189,,,,48,793
CHANDIGARH,2011,CHANDIGARH2011,1121291,86.05,114,24,40,6,27,0,27,58,46,12,6,2,68,285,1502,915,587,66,25,255,0,9,45,2,21,12,46,0,7,1036,1,0,74,,,,,6,68,285,1502,1861,,,,154,3542
D & N HAVELI,2011,D & N HAVELI2011,255522,76.24,491,14,2,0,4,0,4,9,8,1,7,0,2,22,69,43,26,20,10,18,2,5,25,0,2,0,3,0,24,134,1,2,11,,,,,7,2,22,69,100,,,,17,372
DAMAN & DIU,2011,DAMAN & DIU2011,188618,87.1,112,6,1,0,1,0,1,3,2,1,4,0,6,31,47,33,14,19,3,10,2,0,11,0,0,0,2,0,43,35,0,0,3,,,,,4,6,31,47,88,,,,5,224
LAKSHADWEEP,2011,LAKSHADWEEP2011,73112,91.85,32,0,1,0,0,0,0,0,0,0,0,0,0,0,4,0,4,5,1,0,0,3,3,0,0,0,0,0,0,27,0,0,0,,,,,0,0,0,4,4,,,,0,44
PUDUCHERRY,2011,PUDUCHERRY2011,1131886,87.02,479,32,22,12,7,0,7,12,9,3,5,10,11,65,707,511,196,125,9,54,4,10,853,1,35,16,10,0,243,2119,18,0,15,,,,,5,11,65,707,788,,,,78,4362
ANDHRA PRADESH,2012,ANDHRA PRADESH2012,93556426,,,2717,2183,158,1341,0,1341,1870,1403,467,131,1,668,8442,27475,8036,19439,1878,1271,11002,260,980,56768,504,4816,3714,13389,0,13929,39025,3057,666,2274,,,,,131,668,8442,27475,36716,,,,25167,192522
ARUNACHAL PRADESH,2012,ARUNACHAL PRADESH2012,1349955,,,73,29,1,46,0,46,82,58,24,20,0,65,215,402,95,307,28,55,85,1,33,438,1,67,2,26,0,94,657,0,10,39,,,702,55525053,20,65,215,402,702,,,,200,2420
ASSAM,2012,ASSAM2012,30626470,,,1368,670,54,1716,0,1716,3812,3360,452,266,7,907,3825,9394,2720,6674,5077,1278,1705,61,2830,6676,140,1840,5,6407,2,2565,27077,4,0,392,,,,,266,907,3825,9394,14392,,,,13470,77682
BIHAR,2012,BIHAR2012,96490282,,,3566,5452,285,927,0,927,4807,3789,1018,540,54,1266,3758,17667,6404,11263,10871,1650,3933,40,799,45827,1275,118,37,3686,4,4631,35421,4821,119,2894,,,23231,706884978,540,1266,3758,17667,23231,,,,9836,146614
CHHATTISGARH,2012,CHHATTISGARH2012,24431400,,,998,593,26,1034,0,1034,450,350,100,64,4,412,3334,5341,2358,2983,910,170,925,53,330,10855,81,1601,162,980,0,2888,23387,262,344,1881,,,9151,404517643,64,412,3334,5341,9151,,,,4208,54598
GOA,2012,GOA2012,1633033,,,45,35,3,55,0,55,24,16,8,6,0,25,356,915,300,615,122,64,205,16,34,266,0,49,16,24,0,233,1115,10,1,122,,,,,6,25,356,915,1302,,,,160,3608
GUJARAT,2012,GUJARAT2012,57731543,,,1126,557,43,473,0,473,1720,1527,193,287,19,1366,4695,15952,9057,6895,1758,1240,1361,216,282,10234,21,745,93,6658,0,5573,75702,1028,221,1327,,,22300,1990981157,287,1366,4695,15952,22300,,,,9517,130121
HARYANA,2012,HARYANA2012,26010282,,,991,910,68,668,0,668,1349,900,449,204,176,711,5129,17590,12979,4611,1424,740,1798,20,191,3277,258,525,434,3137,0,1484,21396,252,0,1015,,,23634,1248049208,204,711,5129,17590,23634,,,,5922,62480
HIMACHAL PRADESH,2012,HIMACHAL PRADESH2012,7298240,,,113,53,9,183,0,183,172,152,20,1,0,10,928,769,265,504,494,137,373,1,131,1173,2,250,68,251,0,562,6877,129,3,266,,,1708,183466034,1,10,928,769,1708,,,,906,12557
JAMMU & KASHMIR,2012,JAMMU & KASHMIR2012,11726464,,,124,511,16,303,0,303,1093,1041,52,6,0,81,1395,2022,557,1465,1400,163,612,17,190,322,8,1322,347,301,0,371,14004,2,0,40,,,3504,213931063,6,81,1395,2022,3504,,,,3322,24608
JHARKHAND,2012,JHARKHAND2012,31565703,,,1694,842,92,812,0,812,1056,786,270,284,33,494,1216,6680,2215,4465,2331,639,1566,14,136,4785,302,284,10,1261,3,1594,14818,696,287,113,,,8674,267801586,284,494,1216,6680,8674,,,,3458,40946
KARNATAKA,2012,KARNATAKA2012,64017056,,,1860,1923,71,621,0,621,1451,1070,381,211,536,2207,5792,18418,8886,9532,7502,401,5822,84,416,20350,218,2978,100,3684,32,876,58468,2605,374,875,,,26628,2117307630,211,2207,5792,18418,26628,,,,8703,134021
KERALA,2012,KERALA2012,34430444,,,374,497,107,1019,0,1019,281,214,67,72,289,725,2710,4078,1262,2816,10938,301,4681,68,568,21170,32,3735,498,5216,0,48,101582,810,124,1324,,,7585,554605620,72,725,2710,4078,7585,,,,10714,158989
MADHYA PRADESH,2012,MADHYA PRADESH2012,71677391,,,2373,2332,114,3425,0,3425,1302,1127,175,107,127,1940,10019,23182,12279,10903,1951,576,2021,31,814,35549,743,6655,774,3988,6,7721,114585,2875,1218,5168,,,,,107,1940,10019,23182,35248,,,,16718,220335
MAHARASHTRA,2012,MAHARASHTRA2012,114211021,,,2712,2168,171,1839,0,1839,1583,1140,443,793,322,6949,15648,47476,17855,29621,8860,1900,9398,291,1246,28392,329,3935,1294,7415,0,13311,46668,1091,308,3456,,,,,793,6949,15648,47476,70866,,,,15952,202700
MANIPUR,2012,MANIPUR2012,2849347,,,83,409,4,63,0,63,223,133,90,8,171,3,53,903,736,167,72,67,136,2,74,285,0,49,1,43,0,2,1086,0,2,104,,,967,74142240,8,3,53,903,967,,,,289,3737
MEGHALAYA,2012,MEGHALAYA2012,2745726,,,137,63,8,164,0,164,92,24,68,52,1,46,145,543,152,391,0,44,108,13,61,157,1,43,0,16,0,102,761,0,0,91,,,786,82235761,52,46,145,543,786,,,,248,2557
MIZORAM,2012,MIZORAM2012,1002844,,,30,21,7,103,0,103,8,3,5,2,0,4,347,605,24,581,1,12,42,6,12,103,0,85,0,8,0,34,336,0,0,95,,,958,66226072,2,4,347,605,958,,,,199,1766
NAGALAND,2012,NAGALAND2012,2368252,,,75,42,6,21,0,21,27,10,17,1,0,54,65,381,65,316,3,22,39,4,7,30,0,16,0,0,0,31,266,0,0,13,,,501,91378454,1,54,65,381,501,,,,47,1090
ODISHA,2012,ODISHA2012,44459384,,,1548,1879,54,1458,0,1458,1542,1364,178,402,99,1613,3430,9630,3210,6420,2205,317,1607,19,469,8223,525,4187,304,2638,0,3605,22203,2265,688,418,,,15075,1291015472,402,1613,3430,9630,15075,,,,10476,67957
PUNJAB,2012,PUNJAB2012,28379180,,,855,1045,104,680,1,679,919,689,230,48,184,213,2828,5272,2011,3261,1,289,3451,49,74,4186,118,340,31,1293,0,3405,10405,71,0,877,,,8361,753164978,48,213,2828,5272,8361,,,,3151,35790
RAJASTHAN,2012,RAJASTHAN2012,65494555,,,1461,1538,98,2049,0,2049,3243,2697,546,31,74,807,4610,23314,14107,9207,573,682,19646,49,475,17614,478,2352,18,13312,0,8284,70240,5559,1351,1807,,,28762,1900879015,31,807,4610,23314,28762,,,,20906,170948
SIKKIM,2012,SIKKIM2012,644932,,,7,7,0,34,0,34,10,10,0,0,0,6,65,117,17,100,22,3,31,1,20,91,1,19,0,4,0,32,58,5,4,30,,,188,9583910,0,6,65,117,188,,,,68,528
TAMIL NADU,2012,TAMIL NADU2012,75118424,,,1949,2954,44,737,0,737,1945,1693,252,97,19,1898,4457,11996,3915,8081,3136,262,4151,377,726,22100,110,1494,382,1965,0,15499,124176,1647,27,1036,,,18448,1290410413,97,1898,4457,11996,18448,,,,6381,200474
TRIPURA,2012,TRIPURA2012,3675296,,,124,79,2,229,0,229,139,114,25,7,0,60,239,565,140,425,128,47,105,9,59,1504,37,314,7,858,0,10,1742,76,29,20,,,,,7,60,239,565,871,,,,1559,6264
UTTAR PRADESH,2012,UTTAR PRADESH2012,205888020,,,4966,4811,1410,1963,0,1963,8878,7910,968,322,68,3159,6187,37376,22773,14603,5676,3638,10713,205,327,12290,2244,3247,8,7661,0,14406,68538,6202,44,6033,,,47044,2152334509,322,3159,6187,37376,47044,,,,23033,198093
UTTARAKHAND,2012,UTTARAKHAND2012,9501846,,,217,161,44,148,0,148,297,256,41,29,3,144,391,1913,949,964,369,137,529,22,17,1022,71,139,73,368,0,670,2118,33,3,122,,,2477,193728474,29,144,391,1913,2477,,,,1055,8882
WEST BENGAL,2012,WEST BENGAL2012,91193022,,,2252,2854,522,2046,0,2046,5117,4168,949,279,875,816,464,22991,5158,17833,6611,1391,5300,352,396,15923,593,3345,556,19865,12,4385,64482,85,91,1706,,,,,279,816,464,22991,24550,,,,30585,161427
A & N ISLANDS,2012,A & N ISLANDS2012,549368,86.63,,15,3,0,12,0,12,8,7,1,5,0,2,71,71,0,71,8,5,31,1,4,62,2,17,4,5,0,6,351,0,4,28,,,149,10824524,5,2,71,71,149,,,,47,683
CHANDIGARH,2012,CHANDIGARH2012,1144839,86.05,,21,44,5,27,0,27,87,66,21,3,9,63,235,1549,894,655,49,34,234,2,9,42,5,45,25,73,0,3,1042,2,0,96,,,1850,83472950,3,63,235,1549,1850,,,,241,3606
D & N HAVELI,2012,D & N HAVELI2012,259148,,,7,2,0,3,0,3,13,9,4,2,0,2,22,68,36,32,11,10,4,0,12,25,0,2,0,0,0,23,112,0,4,8,,,94,13834365,2,2,22,68,94,,,,14,318
DAMAN & DIU,2012,DAMAN & DIU2012,191924,,,3,5,0,5,0,5,3,0,3,1,0,3,26,55,42,13,9,6,8,0,11,17,0,0,0,3,0,38,46,0,0,8,,,85,15287800,1,3,26,55,85,,,,8,239
LAKSHADWEEP,2012,LAKSHADWEEP2012,74578,,,0,0,0,0,0,0,0,0,0,0,0,0,3,7,1,6,10,0,0,0,3,3,0,1,0,1,0,0,32,0,0,0,,,10,279975,0,0,3,7,10,,,,2,60
PUDUCHERRY,2012,PUDUCHERRY2012,1148900,,,29,27,12,13,0,13,19,16,3,5,15,16,77,658,462,196,126,9,90,6,21,818,0,9,2,6,0,263,2060,24,0,32,,,756,39238036,5,16,77,658,756,,,,46,4281
