STATE/UT,YEAR,POPULATION,MURDER,ATTEMPT TO MURDER,CULPABLE HOMICIDE NOT AMOUNTING TO MURDER,RAPE,CUSTODIAL RAPE,OTHER RAPE,KIDNAPPING & ABDUCTION,KIDNAPPING AND ABDUCTION OF WOMEN AND GIRLS,KIDNAPPING AND ABDUCTION OF OTHERS,DACOITY,PREPARATION AND ASSEMBLY FOR DACOITY,ROBBERY,BURGLARY,THEFT,AUTO THEFT,OTHER THEFT,RIOTS,CRIMINAL BREACH OF TRUST,CHEATING,COUNTERFIETING,ARSON,HURT/GREVIOUS HURT,DOWRY DEATHS,ASSAULT ON WOMEN WITH INTENT TO OUTRAGE HER MODESTY,INSULT TO MODESTY OF WOMEN,CRUELTY BY HUSBAND OR HIS RELATIVES,IMPORTATION OF GIRLS FROM FOREIGN COUNTRIES,CAUSING DEATH BY NEGLIGENCE,OTHER IPC CRIMES,CRIMES AGAINST SC,CRIMES AGAINST ST,Crimes Against Women,TOTAL IPC CRIMES,LITERACY RATE,AREA (in sq. km),CRIMES AGAINST CHILDREN,JUVENILES APPREHENDED,POLICEMEN KILLED,THEFT CASES REPOERTED,THEFT VALUE TOTAL,TOTAL  Dacoity,TOTAL  Robbery,TOTAL  Burglary,TOTAL  Theft,Total Petty Crime,Human Rights Violation Cases,Policemen Chargesheeted,Polimen Charged
ANDHRA PRADESH,2001,76210007,2602,1555,136,871,0,871,1182,765,417,214,9,629,7220,16751,3051,13700,3001,788,5391,144,872,34947,420,3544,2271,5791,7,7400,34344,2933,512,13669,130089,60.47,275045,270,1425,70,24814,423123832,214,629,7220,16751,24814,45,29,2
ARUNACHAL PRADESH,2001,1097968,83,53,3,33,0,33,83,55,28,22,2,84,248,443,36,407,24,41,30,4,13,466,0,78,3,11,0,0,618,0,72,180,2342,54.34,83743,0,136,1,797,25830824,22,84,248,443,797,11,6,0
ASSAM,2001,26655528,1356,481,40,817,0,817,1480,1070,410,532,14,687,2423,5367,350,5017,2953,374,575,46,441,5805,59,850,4,1248,0,2010,9315,6,0,4048,36877,63.25,78438,18,253,34,9009,91939857,532,687,2423,5367,9009,35,0,0
BIHAR,2001,82998509,3643,3419,250,888,0,888,2159,518,1641,1291,147,2203,3233,9701,1050,8651,8606,946,1659,85,502,7544,859,562,21,1558,83,2406,36667,1303,47,4489,88432,47,94163,83,576,14,16428,403558199,1291,2203,3233,9701,16428,0,0,0
CHHATTISGARH,2001,20733232,880,529,45,959,0,959,207,171,36,87,19,338,4144,4812,920,3892,871,154,402,8,215,5477,70,1763,161,840,0,689,15790,501,486,3964,38460,64.66,135191,441.0894731,1191,19,26923.30935,324726682.3,87,338,4144,4812,9381,0,0,0
GOA,2001,1347668,36,30,5,12,0,12,9,6,3,7,0,25,359,576,168,408,64,39,62,2,16,174,2,17,7,11,0,191,697,1,0,55,2341,82.01,3702,-1.705907747,67,1,967,30781416,7,25,359,576,967,2.30643652,-0.526070412,0.264213977
GUJARAT,2001,50579626,1226,537,94,286,0,286,998,857,141,327,19,991,5142,15834,5504,10330,1930,1748,1779,55,449,13760,67,756,111,3667,0,2924,50719,1242,309,5744,103419,69.14,196024,1211.379259,2616,38,22294,666892390,327,991,5142,15834,22294,12,8,0
HARYANA,2001,21144564,781,467,78,398,0,398,449,297,152,77,141,397,3109,6117,3022,3095,750,556,1016,37,203,4744,285,478,401,1513,0,856,15906,229,0,3372,38759,67.91,44212,589.7638155,1373,16,9700,351821248,77,397,3109,6117,9700,6,5,0
HIMACHAL PRADESH,2001,6077900,119,75,11,124,0,124,126,105,21,4,0,28,844,600,142,458,628,69,146,2,134,1403,10,310,14,317,0,483,6052,110,4,880,11499,76.48,55673,22.60236172,130,2,1476,46853339,4,28,844,600,1476,0,0,0
JAMMU & KASHMIR,2001,10143700,1075,1474,33,169,0,169,606,504,102,24,0,161,1345,1919,633,1286,1072,90,391,15,437,318,13,622,288,50,0,357,9046,10,0,1646,19505,55.52,222236,53.72898049,2,150,3449,98537562,24,161,1345,1919,3449,0,0,0
JHARKHAND,2001,26945829,1507,866,143,567,0,567,441,279,162,636,48,647,1266,3827,754,3073,2018,283,554,23,165,2254,217,297,5,484,2,420,8777,158,282,1851,25447,53.56,74677,-367.159981,285,44,22827.30935,351579777.2,636,647,1266,3827,6376,1,1,0
KARNATAKA,2001,52709035,1626,1475,74,293,0,293,559,271,288,178,36,847,6394,12868,4016,8852,6686,494,2678,131,352,23285,220,1665,81,1755,0,100,47301,1621,276,4285,109098,66.06,191791,856.615011,693,14,67883.30935,939972565.4,178,847,6394,12868,20287,15,5,0
KERALA,2001,31841374,472,615,111,562,0,562,183,97,86,176,13,517,4474,5441,1795,3646,8108,428,2756,239,768,19829,27,1942,81,2561,0,0,54544,499,83,5270,103847,90.86,38852,282.1898595,127,4,10608,384465121,176,517,4474,5441,10608,3.210182011,2.302372554,-0.217152468
MADHYA PRADESH,2001,60348023,2425,2870,125,2851,0,2851,956,668,288,166,130,1764,13549,20263,4535,15728,3395,481,1413,19,1014,30895,609,7063,751,2562,0,3297,85143,4212,1535,14504,181741,63.74,308245,2714.0828,5607,10,35742,462284619,166,1764,13549,20263,35742,4,4,0
MAHARASHTRA,2001,96878627,2839,1454,101,1302,0,1302,985,611,374,529,328,2239,15073,39866,8873,30993,6719,1542,4273,265,1208,30212,308,2823,1120,6090,1,8993,42963,625,238,12255,171233,76.84,307713,2922.251618,4133,69,57707,2183563610,529,2239,15073,39866,57707,13,8,0
MANIPUR,2001,2302705,209,168,5,20,0,20,94,62,32,20,17,19,75,217,71,146,131,33,66,20,64,201,0,21,0,5,0,7,1097,0,0,108,2489,70.48,22327,-53.60081739,0,4,331,12026868,20,19,75,217,331,2.701759269,-0.131341426,0.029320695
MEGHALAYA,2001,2318822,164,47,2,26,0,26,55,11,44,97,3,125,170,271,16,255,8,19,29,3,26,102,0,25,0,4,0,0,511,0,0,66,1687,62.56,22429,-88.11723281,65,14,663,12164035,97,125,170,271,663,0,0,0
MIZORAM,2001,888573,31,15,5,52,0,52,2,1,1,3,0,23,417,878,17,861,3,23,71,12,24,94,0,52,0,16,3,23,499,1,10,124,2246,88.49,21081,11.47415502,31,0,1321,11598070,3,23,417,878,1321,2.617481916,-0.692846874,0.39974812
NAGALAND,2001,1990036,101,39,9,17,0,17,23,6,17,11,0,129,163,258,89,169,2,20,34,2,1,37,0,6,0,0,0,19,363,1,310,29,1234,66.59,16579,16.84230649,21,0,561,29678250,11,129,163,258,561,0,0,0
ODISHA,2001,36804660,987,1151,53,790,0,790,522,434,88,199,22,958,3093,5622,817,4805,1426,285,681,10,423,4367,294,1655,458,1266,0,1589,20810,1734,734,4897,46661,63.08,155707,473.7637064,212,11,9872,187558275,199,958,3093,5622,9872,3,4,0
PUNJAB,2001,24358999,738,789,80,298,0,298,513,324,189,45,84,131,1902,3023,1204,1819,1,368,2621,58,63,3996,159,372,47,1128,0,2154,9204,134,0,2328,27774,69.65,50362,75.93927289,24,95,5101,300415230,45,131,1902,3023,5101,11,5,0
RAJASTHAN,2001,56507188,1259,1923,63,1049,0,1049,2718,2165,553,60,40,889,7284,16939,4324,12615,11214,1026,6644,89,1092,27485,376,2878,56,5532,1,4221,62347,4892,1023,12057,155185,60.41,342239,1654.013524,2883,26,25172,551391050,60,889,7284,16939,25172,4,3,0
SIKKIM,2001,540851,19,11,7,8,0,8,6,2,4,0,0,3,76,74,6,68,3,1,13,0,1,35,0,0,14,0,0,7,166,6,6,24,444,68.81,7096,-37.31529821,15,2,153,3285263,0,3,76,74,153,2.389709456,-0.220555758,-0.09187504
TAMIL NADU,2001,62405679,1662,2204,19,423,0,423,952,607,345,158,6,672,5965,16709,4478,12231,5196,360,2139,104,980,28429,191,1773,1012,815,14,8550,76468,2336,9,4835,154801,73.45,130060,986.7659825,626,34,23504,416683131,158,672,5965,16709,23504,3.44715458,3.620646801,-0.802387816
TRIPURA,2001,3199203,240,25,0,102,0,102,93,35,58,26,0,63,198,259,6,253,138,4,17,6,31,412,16,58,0,227,0,31,855,2,0,438,2801,73.19,10486,-36.18367848,20,17,546,10600429,26,63,198,259,546,2.462133547,0.257979511,0.477334444
UTTAR PRADESH,2001,166197921,7601,7964,1186,1958,0,1958,4330,2879,1451,905,38,3825,8411,27011,6189,20822,7343,3430,5363,147,812,17816,2211,2870,2575,7365,0,7129,57839,10732,254,19858,178129,57.36,240928,1837.165326,150,57,40152,1342018407,905,3825,8411,27011,40152,15,53,0
UTTARAKHAND,2001,8489349,316,279,38,74,0,74,183,126,57,32,3,191,533,1419,374,1045,440,171,318,4,30,830,56,103,84,301,0,441,2227,168,18,744,8073,71.62,53566,69.53759617,5,7,2175,48986057,32,191,533,1419,2175,1,0,0
WEST BENGAL,2001,80176197,1594,449,581,709,0,709,875,695,180,274,421,660,426,14245,2562,11683,3095,486,1216,102,102,3658,265,954,48,3859,3,2281,25260,10,2,6533,61563,68.64,88752,526.3306185,25,18,15605,297894274,274,660,426,14245,15605,0,0,0
A & N ISLANDS,2001,356152,13,0,0,3,0,3,2,2,0,0,0,4,64,65,4,61,13,10,8,2,4,118,0,19,1,9,0,0,323,0,1,34,658,81.3,8249,309.1269266,1872.144707,0,133,1957510,0,4,64,65,133,3.093538676,15.61937875,7.981674063
CHANDIGARH,2001,900635,15,10,6,18,0,18,56,50,6,5,0,22,364,1529,494,1035,91,26,155,2,5,95,3,24,15,36,0,6,914,3,0,146,3397,81.94,114,39.50200979,66,3,1920,47992609,5,22,364,1529,1920,1,0,0
D & N HAVELI,2001,220451,3,2,0,6,0,6,4,2,2,0,0,2,34,45,15,30,4,13,12,1,1,29,0,7,0,4,0,0,183,0,6,19,350,57.63,491,-40.80953662,2,0,81,3065362,0,2,34,45,81,2.234796291,0.022117614,-0.525877084
DAMAN & DIU,2001,158204,7,5,0,0,0,0,5,3,2,0,0,0,43,40,20,20,23,5,9,1,3,21,0,0,0,4,0,0,73,0,0,7,239,78.18,112,-43.15420449,2,0,83,3707732,0,0,43,40,83,2.229308399,-0.606904646,0.146993159
LAKSHADWEEP,2001,60650,1,0,0,0,0,0,0,0,0,0,0,0,1,10,0,10,1,1,0,0,2,3,0,0,0,0,0,0,17,0,0,0,36,86.66,32,-45.64624192,1,0,11,105790,0,0,1,10,11,2.222470463,-0.894401092,0.433313074
PUDUCHERRY,2001,974345,25,32,1,9,0,9,4,3,1,1,0,4,111,528,284,244,100,5,23,3,31,635,1,35,27,3,0,166,2324,13,0,78,4068,81.24,479,-20.2148351,3,0,644,10234351,1,4,111,528,644,2.15591008,-0.703732275,0.188782437
ANDHRA PRADESH,2002,77722774,2525,1644,165,1002,0,1002,1302,854,448,197,3,648,7628,19222,3544,15678,2140,1050,6733,155,991,39839,449,3799,2024,7018,0,8691,36385,3385,525,15146,143610,62.66,275045,1209.746287,1466,55,27695,462165830,197,648,7628,19222,27695,26,14,0
ARUNACHAL PRADESH,2002,1119093,61,38,6,38,0,38,57,38,19,22,0,96,249,395,51,344,21,23,29,5,20,401,0,68,2,13,0,0,684,0,87,159,2228,56.94,83743,14.50733881,132,0,762,30808825,22,96,249,395,762,4.141890182,0.444747497,-0.396016977
ASSAM,2002,27000659,1253,479,55,970,0,970,1595,1276,319,473,18,607,2504,5555,496,5059,3014,558,719,57,438,4764,70,984,7,1694,0,1957,8575,47,39,5001,36346,66.59,78438,-26.01421977,332,18,9139,115251845,473,607,2504,5555,9139,3,2,0
BIHAR,2002,84184099,3712,3526,396,1040,0,1040,2361,744,1617,1289,141,2288,3188,10145,1131,9014,8675,1215,1811,72,600,8770,927,621,6,1577,38,2497,39145,1579,29,4953,94040,49.66,94163,-9.595389009,653,17,16910,229031128,1289,2288,3188,10145,16910,0,0,0
CHHATTISGARH,2002,21045463,844,453,24,992,0,992,178,154,24,144,6,326,3731,4302,889,3413,817,96,393,18,235,4484,85,1483,147,653,0,963,17576,443,508,3514,37950,66.41,135191,353.8555057,1257,15,35115.30935,403071707.4,144,326,3731,4302,8503,5,3,0
GOA,2002,1370938,30,20,4,12,0,12,9,5,4,5,0,24,376,496,146,350,79,27,78,3,25,236,2,18,6,8,0,202,780,2,0,51,2440,82.29,3702,-2.625517262,67,0,901,31014056,5,24,376,496,901,2.326425039,-0.548310085,0.248791294
GUJARAT,2002,51234618,1532,759,13,267,0,267,1015,807,208,804,12,1098,5327,15742,6195,9547,3665,1385,1457,46,1915,13531,62,750,104,3321,0,3258,50612,1370,340,5311,106675,70.96,196024,472.5221175,2349,58,22971,2019751221,804,1098,5327,15742,22971,14,12,0
HARYANA,2002,21553266,760,487,89,361,1,360,427,290,137,61,162,330,3048,5962,2955,3007,700,579,933,32,199,4514,256,454,1424,1565,0,955,16854,243,5,4350,40152,68.81,44212,638.1329481,1850,32,-14036.69065,181014015.4,61,330,3048,5962,9401,1,1,0
HIMACHAL PRADESH,2002,6176050,123,86,6,137,0,137,138,116,22,0,1,18,710,564,142,422,646,75,137,0,145,1476,6,326,12,234,0,482,6921,97,3,831,12243,77.04,55673,10.21419663,117,1,1292,118036202,0,18,710,564,1292,0,0,0
JAMMU & KASHMIR,2002,10267594,1048,1240,31,192,0,192,674,596,78,42,0,163,1321,2020,664,1356,996,91,382,20,386,366,18,785,368,54,0,380,9390,13,6,2013,19967,57,222236,50.79298654,3,96,3546,100880037,42,163,1321,2020,3546,5,2,0
JHARKHAND,2002,27345207,1488,1143,115,797,0,797,468,178,290,580,55,780,1419,4374,560,3814,2281,333,441,6,167,2294,275,411,3,588,36,416,12969,125,124,2288,31439,55.86,74677,-120.9679689,731,34,22827.30935,430050269.8,580,780,1419,4374,7153,4.544525165,2.874619007,1.276078914
KARNATAKA,2002,53673558,1627,1576,55,292,0,292,645,300,345,178,66,972,6480,13818,4376,9442,6838,485,2764,175,437,22824,233,1648,100,1826,0,152,50508,1787,240,4399,113699,67.55,191791,878.0496622,265,19,35115.30935,649442353.6,178,972,6480,13818,21448,5,0,0
KERALA,2002,32081624,454,562,210,499,0,499,162,91,71,137,4,610,4624,5743,1978,3765,8090,357,2924,135,452,19033,17,2123,102,2836,0,32,55094,524,102,5668,104200,91.06,38852,385.2817545,207,0,-5844.690647,1584474.565,137,610,4624,5743,11114,4.398468372,0.378861917,-0.460617572
MADHYA PRADESH,2002,61348350,2395,2864,194,2891,0,2891,964,639,325,136,142,1829,13344,20759,4845,15914,3178,507,1240,54,1053,29955,674,7118,783,3117,0,3679,94923,7217,2504,15222,191799,64.47,308245,3036.9031,6981,39,2347.309353,1157659923,136,1829,13344,20759,36068,1,0,0
MAHARASHTRA,2002,98400213,2768,1435,93,1352,1,1351,953,650,303,548,271,2136,14471,37606,9122,28484,6360,1468,4145,176,1269,29250,303,2686,769,5353,0,9407,42643,634,271,11113,165462,77.65,307713,2796.238752,4461,60,54761,2245771729,548,2136,14471,37606,54761,10,9,0
MANIPUR,2002,2350361,165,160,3,14,0,14,157,82,75,3,8,6,44,255,115,140,64,28,72,12,48,378,0,58,0,10,0,25,1074,0,0,164,2584,71.98,22327,-76.78902807,0,3,5163.309353,-17209610.4,3,6,44,255,308,3.28934033,0.151662498,0.218188116
MEGHALAYA,2002,2355473,167,58,3,38,0,38,52,10,42,64,2,109,154,392,51,341,9,9,33,8,23,89,0,23,0,0,0,12,419,0,2,71,1664,63.75,22429,-47.9717702,63,9,719,17518239,64,109,154,392,719,0,0,0
MIZORAM,2002,897758,29,26,5,76,0,76,7,2,5,5,0,7,446,999,30,969,1,26,85,16,27,112,0,73,0,3,0,13,864,0,40,154,2820,88.49,21081,-28.36994423,49,0,-13012.69065,-153892680.9,5,7,446,999,1457,3.134423231,-0.671429877,0.417163918
NAGALAND,2002,2021622,100,34,5,17,0,17,27,4,23,21,0,110,128,257,81,176,5,10,21,3,6,53,0,1,0,0,0,24,292,17,371,22,1114,67.11,16579,-8.280042613,9,3,516,25481751,21,110,128,257,516,0,0,0
ODISHA,2002,37472743,1075,1372,58,691,0,691,523,432,91,246,30,945,2884,5268,1028,4240,1598,246,793,12,405,4947,248,1605,188,1167,0,2672,20755,1195,480,4331,47728,64.98,155707,384.2171737,187,7,9343,186253376,246,945,2884,5268,9343,7,2,0
PUNJAB,2002,24703447,733,728,79,299,0,299,551,354,197,50,83,110,1928,2963,1267,1696,2,373,2716,39,68,4453,166,341,145,944,0,2310,9713,131,0,2249,28794,70.61,50362,73.75137978,136,73,-1748.690647,-25574779.98,50,110,1928,2963,5051,0,0,0
RAJASTHAN,2002,57315265,1276,2043,68,1051,0,1051,2587,2019,568,47,33,734,6661,16313,4706,11607,7178,938,7286,63,1130,26519,399,2730,44,5691,0,4670,63787,4535,930,11934,151248,61.04,342239,1348.316012,1765,33,23755,550257950,47,734,6661,16313,23755,3,1,0
SIKKIM,2002,549237,13,5,2,6,0,6,9,2,7,0,0,5,66,64,5,59,15,3,48,0,2,50,0,17,0,3,0,7,170,1,10,28,485,69.68,7096,-38.67185144,2,0,135,726030,0,5,66,64,135,2.383429011,-0.307943047,-0.128713247
TAMIL NADU,2002,63485023,1723,2133,36,534,0,534,1001,714,287,176,25,653,5533,18755,4671,14084,4252,288,2017,121,850,25150,243,1877,1718,1052,0,10125,88680,2097,77,6138,166942,74.53,130060,1034.02551,632,43,25117,437136618,176,653,5533,18755,25117,6,6,0
TRIPURA,2002,3241485,201,38,1,108,0,108,128,48,80,29,0,56,192,270,51,219,180,12,20,7,40,518,16,128,0,236,0,46,849,0,0,536,3075,74.68,10486,1.71E+31,7,42,-3.33E+39,-2.95E+43,-5.37E+21,-2.42E+22,-8.03E+22,-2.40E+23,-1.11E+24,-8.42E+29,1.01E+30,-2.61E+28
UTTAR PRADESH,2002,169440795,6825,6283,1243,1415,1,1414,3430,2298,1132,552,59,2840,6126,22419,6353,16066,4878,2738,5026,127,643,13947,1893,2145,1887,5679,0,7313,48569,7927,61,15317,146037,59.26,240928,1615.765275,78,80,31937,705962269,552,2840,6126,22419,31937,9,7,0
UTTARAKHAND,2002,8578095,292,249,47,89,0,89,198,155,43,32,6,177,554,1365,374,991,342,145,312,8,40,760,66,145,97,316,1,440,2295,99,3,869,7976,72.28,53566,63.11341063,7,0,2128,51953575,32,177,554,1365,2128,3.303749181,0.114370886,-0.170376235
WEST BENGAL,2002,81247274,1444,413,540,759,0,759,831,694,137,204,646,544,348,12449,2458,9991,2461,451,1315,98,114,3112,273,964,34,4069,1,2703,25189,4,12,6794,58962,69.22,88752,471.8295796,14,27,13545,334311396,204,544,348,12449,13545,0,0,0
A & N ISLANDS,2002,372096,17,3,1,2,0,2,2,1,1,1,0,7,49,49,2,47,11,4,11,0,2,97,0,17,3,4,0,0,328,0,1,27,608,81.42,8249,308.3353656,1872.146709,0,106,1225426,1,7,49,49,106,3.093580102,15.610431,7.990175049
CHANDIGARH,2002,921594,31,35,7,18,0,18,54,47,7,1,1,26,336,1647,617,1030,78,35,181,5,5,107,1,36,28,56,0,7,1111,0,0,186,3806,82.17,114,50.26522055,70,2,2010,70225405,1,26,336,1647,2010,0,0,0
D & N HAVELI,2002,223867,11,2,0,4,0,4,9,5,4,3,0,1,38,75,38,37,5,12,10,0,2,29,0,3,0,3,0,0,142,0,0,15,349,60.13,491,-88.42292717,0,0,13355.30935,54500418.46,3,1,38,75,117,3.022017937,0.450158383,-0.147320599
DAMAN & DIU,2002,161035,8,3,0,0,0,0,3,2,1,2,0,1,56,56,35,21,16,5,10,0,2,18,0,0,0,3,0,0,78,0,0,5,261,80.68,112,-84.11975561,0,0,-14932.69065,-197275889.2,2,1,56,56,115,0,0,0
LAKSHADWEEP,2002,61720,0,0,0,1,0,1,0,0,0,0,0,0,9,12,0,12,18,0,0,0,2,5,0,1,0,0,0,0,5,1,0,2,53,86.89,32,-84.13207198,0,0,-16260.69065,-208840977.2,0,0,9,12,21,2.688478646,-0.601946118,0.509616325
PUDUCHERRY,2002,988996,29,43,2,6,0,6,10,6,4,2,0,6,129,526,258,268,193,11,31,3,22,1093,5,59,26,9,0,190,2042,18,0,111,4437,81.43,479,-18.27838057,16,1,663,11230516,2,6,129,526,663,2.165417419,-0.669605009,0.233154319
ANDHRA PRADESH,2003,79247829,2667,1678,147,946,0,946,1485,931,554,176,5,660,9050,23408,4521,18887,2328,1099,7581,318,1049,41545,466,4128,2286,8167,5,8515,39242,3559,571,16929,156951,64.84,275045,1483.243481,1842,51,35115.30935,1131701036,176,660,9050,23408,33294,22,10,0
ARUNACHAL PRADESH,2003,1140586,77,20,3,31,0,31,68,51,17,37,0,60,253,370,50,320,7,28,21,7,10,427,0,43,0,14,0,0,585,0,66,139,2061,59.54,83743,-54.64362998,196,0,38187.30935,276156353,37,60,253,370,720,7,0,0
ASSAM,2003,27348680,1191,485,48,1095,0,1095,1628,1351,277,471,26,523,2606,5525,406,5119,3340,611,894,58,677,4952,60,878,6,1808,0,2086,9227,67,20,5198,38195,69.92,78438,-52.50030583,378,2,9125,150441676,471,523,2606,5525,9125,0,0,0
BIHAR,2003,85377870,3771,3540,298,985,0,985,2427,674,1753,1221,120,2463,2986,10124,1357,8767,8029,1105,1947,92,669,8884,909,688,11,1880,37,2574,37503,1747,52,5184,92263,52.33,94163,54.98143743,265,28,35115.30935,838912598.7,1221,2463,2986,10124,16794,3,0,0
CHHATTISGARH,2003,21362393,776,513,51,898,0,898,177,149,28,140,14,331,3621,4170,922,3248,703,76,412,24,151,3653,79,1481,105,601,0,1158,19315,709,774,3313,38449,68.17,135191,384.0247265,1439,27,51499.30935,568184109.5,140,331,3621,4170,8262,7,0,7
GOA,2003,1394730,34,25,6,31,0,31,14,13,1,5,0,21,257,464,132,332,47,60,106,3,18,198,2,19,7,24,0,164,739,2,0,96,2244,82.58,3702,-4.007536966,84,0,747,25719702,5,21,257,464,747,2.311829193,-0.647052193,0.291997628
GUJARAT,2003,51888689,1114,478,29,236,0,236,1044,859,185,338,14,1267,5844,19304,7201,12103,1824,1873,1975,275,516,12611,54,722,92,3684,0,3536,46879,1165,241,5647,103709,72.79,196024,1311.802197,1750,64,26753,808802703,338,1267,5844,19304,26753,16,6,0
HARYANA,2003,21968240,702,446,76,353,0,353,388,271,117,63,190,281,2981,5591,3079,2512,639,586,900,30,122,4153,222,344,1302,1618,0,971,16654,195,0,4110,38612,69.7,44212,536.5339856,1451,29,8916,369239622,63,281,2981,5591,8916,3,0,0
HIMACHAL PRADESH,2003,6276624,125,74,5,126,0,126,113,96,17,8,0,19,707,627,218,409,610,63,130,3,121,1385,6,250,18,221,0,463,6937,107,12,717,12011,77.61,55673,-30.28296549,120,6,1323.309353,-62654434.45,8,19,707,627,1361,0,0,0
JAMMU & KASHMIR,2003,10395258,929,1216,29,211,0,211,712,615,97,23,0,154,1526,1949,576,1373,1167,116,408,21,328,310,10,875,376,71,0,378,10424,5,1,2158,21233,58.49,222236,83.51547659,18,55,3652,129843802,23,154,1526,1949,3652,1,0,0
JHARKHAND,2003,27748929,1482,957,109,712,0,712,487,262,225,702,37,864,1468,4155,564,3591,2481,265,479,5,147,3062,262,424,2,559,0,642,12902,76,108,2221,32203,58.16,74677,-245.8707922,709,18,26923.30935,464829502.4,702,864,1468,4155,7189,4.592058994,2.606029431,1.020940576
KARNATAKA,2003,54650418,1506,1241,58,321,0,321,531,244,287,220,65,861,6055,14180,4296,9884,5784,495,2752,126,415,21913,194,1585,84,1704,0,172,52143,1844,167,4132,112405,69.04,191791,815.808738,300,28,51499.30935,829536785.3,220,861,6055,14180,21316,12,2,0
KERALA,2003,32320885,435,448,343,394,0,394,189,102,87,142,19,634,4409,4891,1668,3223,6798,323,3061,129,413,17696,33,1947,68,2930,0,35,53487,439,65,5474,98824,91.26,38852,412.3498598,597,2,-5844.690647,18409636.88,142,634,4409,4891,10076,5.043532063,-0.140855702,0.089214531
MADHYA PRADESH,2003,62354284,2227,2413,203,2738,0,2738,887,608,279,153,141,1578,12884,20422,5262,15160,2729,549,1222,38,868,29358,648,6848,705,2938,0,3778,97751,5507,1779,14485,191078,65.2,308245,2856.29852,7040,29,35115.30935,1450407035,153,1578,12884,20422,35037,3,3,3
MAHARASHTRA,2003,99932458,2772,1412,113,1268,0,1268,926,626,300,514,249,2096,13892,37098,9271,27827,5714,1561,5005,261,1188,29205,368,2661,682,5452,0,9378,42491,697,217,11057,164306,78.46,307713,2805.404585,4551,81,53600,2172595866,514,2096,13892,37098,53600,2,2,0
MANIPUR,2003,2398400,150,199,6,18,0,18,120,71,49,3,0,6,68,252,124,128,73,16,76,7,47,324,0,44,0,4,0,4,1120,0,4,137,2537,73.47,22327,-38.72617985,0,11,329,11398302,3,6,68,252,329,2.692502679,-0.04762908,0.307532742
MEGHALAYA,2003,2392552,175,60,17,40,0,40,49,10,39,83,1,133,160,360,108,252,5,12,34,4,16,106,0,13,1,4,0,41,355,0,0,68,1669,64.94,22429,-86.37555809,32,4,736,231994840,83,133,160,360,736,0,0,0
MIZORAM,2003,907254,46,36,3,54,0,54,8,2,6,5,0,21,487,1303,57,1246,3,19,60,12,23,142,0,88,0,3,0,11,1132,0,0,147,3456,88.49,21081,30.17428575,48,2,1816,17986793,5,21,487,1303,1816,2.554308437,-0.63677188,0.419196986
NAGALAND,2003,2053734,91,34,8,14,0,14,38,3,35,19,0,92,95,221,37,184,8,3,11,7,5,48,0,4,2,0,1,41,234,27,263,24,976,67.62,16579,-15.63363019,0,0,427,7947483,19,92,95,221,427,0,0,0
ODISHA,2003,38146058,1044,1214,188,725,0,725,477,373,104,178,30,875,2961,5359,1076,4283,1408,254,937,11,337,4759,279,1669,188,1289,0,2497,20602,1157,484,4523,47281,66.88,155707,465.1507717,313,17,9373,175548564,178,875,2961,5359,9373,4,0,0
PUNJAB,2003,25052130,731,644,89,380,0,380,464,295,169,30,117,108,2094,3198,1375,1823,0,343,3123,56,71,4124,110,346,199,987,0,2226,9316,127,0,2317,28756,71.58,50362,102.4988359,100,109,-9940.690647,-102858697,30,108,2094,3198,5430,0,0,0
RAJASTHAN,2003,58125426,1262,1977,61,1050,0,1050,2238,1750,488,36,41,655,6072,16456,5491,10965,4052,902,7225,58,784,26173,389,2715,33,5733,1,5074,62592,4329,912,11671,145579,61.67,342239,1292.260047,1640,40,23219,585503429,36,655,6072,16456,23219,1,0,0
SIKKIM,2003,557825,14,7,3,10,0,10,0,0,0,2,0,3,48,65,3,62,10,7,12,3,2,56,0,25,0,1,0,18,157,7,6,36,443,70.54,7096,-40.40486061,17,1,118,5165122,2,3,48,65,118,2.388049414,-0.320597906,-0.05592382
TAMIL NADU,2003,64584023,1591,1843,28,557,1,556,879,632,247,95,43,514,4849,18213,4581,13632,3706,307,1904,63,791,30228,220,2022,881,1555,1,9112,77784,1495,67,5868,157186,75.61,130060,1069.852483,813,32,23671,464144227,95,514,4849,18213,23671,1,0,0
TRIPURA,2003,3283889,254,87,0,114,0,114,146,29,117,36,0,69,167,276,10,266,274,3,25,3,83,534,20,127,0,247,0,109,940,0,0,537,3514,76.18,10486,-56.40211621,0,39,548,13749705,36,69,167,276,548,2.447040083,0.853384476,1.200517487
UTTAR PRADESH,2003,172752379,5284,3793,1525,911,0,911,2208,1499,709,317,196,1988,4016,15751,5605,10146,2251,1746,2911,226,297,7760,1322,1098,4970,2626,0,4428,29449,2821,47,12426,95073,61.16,240928,1218.214137,58,106,35115.30935,890613564,317,1988,4016,15751,22072,1,0,0
UTTARAKHAND,2003,8667485,268,236,31,107,0,107,171,134,37,26,3,160,557,1368,400,968,392,138,379,8,33,687,93,136,98,317,0,362,2353,129,5,885,7923,72.94,53566,58.98074094,4,12,2111,51537513,26,160,557,1368,2111,3.300902505,0.449244987,0.18643323
WEST BENGAL,2003,82303838,1425,400,484,1002,0,1002,902,801,101,217,883,598,342,12613,2581,10032,2596,378,1534,153,87,4172,329,1186,71,4948,1,2300,24553,5,3,8338,61174,69.8,88752,485.6590239,40,18,13770,437117656,217,598,342,12613,13770,1,0,0
A & N ISLANDS,2003,388343,21,4,1,2,0,2,2,2,0,2,0,7,56,60,3,57,19,3,13,0,8,110,0,9,2,7,0,0,318,0,1,22,644,81.55,8249,307.513619,1872.145277,0,125,2912650,2,7,56,60,125,3.09384037,15.61186281,7.993139643
CHANDIGARH,2003,942787,21,15,2,18,0,18,32,28,4,3,1,12,204,1238,552,686,46,32,209,2,4,71,1,11,4,93,0,8,779,1,0,155,2806,82.39,114,-3.48139919,111,4,-20180.69065,-178873357.3,3,12,204,1238,1457,0,0,0
D & N HAVELI,2003,227302,11,5,0,1,0,1,7,4,3,4,0,6,41,61,15,46,17,8,13,2,4,22,0,4,0,2,0,1,129,0,23,11,338,62.63,491,-87.02642837,2,0,10667.30935,30546028.43,4,6,41,61,112,2.989676831,0.372545255,-0.081726699
DAMAN & DIU,2003,163912,6,3,0,5,0,5,1,1,0,4,0,1,41,46,25,21,31,8,8,6,1,14,1,3,0,0,0,6,84,0,1,10,269,83.18,112,-48.67204448,2,0,92,11755706,4,1,41,46,92,0,0,0
LAKSHADWEEP,2003,62829,0,0,0,2,0,2,0,0,0,0,0,0,6,8,1,7,4,0,0,0,2,1,0,1,0,1,0,0,6,0,0,4,31,87.11,32,-45.86476306,0,0,14,178650,0,0,6,8,14,2.223545083,-0.904106114,0.446806771
PUDUCHERRY,2003,1003888,29,32,0,2,0,2,18,13,5,2,0,11,126,567,295,272,159,12,32,1,18,1053,1,56,27,4,0,182,2185,22,0,103,4517,81.63,479,-11.101503,35,0,706,17810733,2,11,126,567,706,1,0,0
ANDHRA PRADESH,2004,80785460,2579,1908,163,1016,0,1016,1526,1030,496,199,2,596,8457,23578,5042,18536,2540,898,7928,175,915,43335,512,3817,2310,8388,2,11452,36460,3255,566,17075,158756,66.11,275045,1285.562263,1304,61,51499.30935,1250713450,199,596,8457,23578,32830,20,2,0
ARUNACHAL PRADESH,2004,1162440,67,45,1,42,0,42,65,41,24,30,2,45,215,388,75,313,65,26,34,1,19,429,0,61,0,4,0,0,717,0,75,148,2256,62.15,83743,-68.97199462,91,0,28459.30935,178679799.6,30,45,215,388,678,2,0,0
ASSAM,2004,27699685,1214,410,63,1171,0,1171,1906,1552,354,360,31,505,2544,5866,685,5181,3615,586,865,57,379,5911,74,883,11,1945,0,2239,10040,20,12,5636,40675,73.25,78438,47.82960176,331,9,10539.30935,260332527.2,360,505,2544,5866,9275,4.43572937,1.032365806,0.003972909
BIHAR,2004,86579841,3948,2995,280,1390,1,1389,3413,997,2416,1319,145,2986,3175,11113,2083,9030,9793,1701,2764,57,707,11231,1029,704,13,2679,35,2405,44178,2646,45,6847,108060,54.99,94163,215.751792,213,17,43307.30935,988304916,1319,2986,3175,11113,18593,3,3,0
CHHATTISGARH,2004,21684049,927,619,25,969,0,969,214,174,40,106,8,363,3720,5014,1316,3698,790,101,424,42,242,3899,71,1661,131,741,0,1717,20143,698,676,3747,41927,69.92,135191,495.3891414,1499,17,18731.30935,321733015.4,106,363,3720,5014,9203,0,0,0
GOA,2004,1419054,40,6,5,37,0,37,13,10,3,5,0,18,261,503,120,383,33,49,61,0,7,170,2,23,15,17,0,216,646,0,0,104,2127,82.87,3702,-45.68774917,63,0,-11476.69065,-147039482.5,5,18,261,503,787,2.850678139,-0.506794431,0.354392826
GUJARAT,2004,52541743,1113,469,27,339,0,339,1133,905,228,360,15,1136,5828,18551,6931,11620,1599,1612,1726,122,388,12262,58,757,164,3955,0,3958,49897,1309,241,6178,105469,74.61,196024,1197.421968,1828,61,18731.30935,976468830.9,360,1136,5828,18551,25875,8,6,0
HARYANA,2004,22389636,733,441,65,386,0,386,423,292,131,52,145,244,2786,6558,3735,2823,699,534,1089,32,95,4194,251,403,850,2026,0,981,16109,217,0,4208,39096,70.6,44212,511.915758,1221,38,-5844.690647,216060473,52,244,2786,6558,9640,3.904705273,1.045289774,1.068733966
HIMACHAL PRADESH,2004,6379674,110,77,12,153,0,153,123,99,24,1,0,25,766,643,192,451,562,97,174,6,112,1421,8,284,16,252,0,469,7015,89,11,812,12326,78.17,55673,-18.31363025,115,8,-724.6906475,-83624263.48,1,25,766,643,1435,0,0,0
JAMMU & KASHMIR,2004,10526785,816,1112,29,218,0,218,735,632,103,28,0,129,1420,1939,573,1366,1116,105,414,32,320,334,9,990,264,82,0,422,10677,4,1,2195,21191,59.97,222236,28.00339631,11,65,55595.30935,376914968.9,28,129,1420,1939,3516,3,1,0
JHARKHAND,2004,28156879,1488,1143,115,797,0,797,468,178,290,580,55,780,1419,4374,560,3814,2281,333,441,6,167,2294,275,411,3,588,36,416,12969,126,123,2288,31439,60.46,74677,-125.5943658,709,34,18731.30935,391493274.7,580,780,1419,4374,7153,4.536433054,2.752421685,1.411535937
KARNATAKA,2004,55639742,1519,1387,57,291,1,290,592,286,306,177,109,1024,6093,16093,5185,10908,6237,423,2759,65,248,21232,259,1435,57,1588,0,277,52518,1643,173,3916,114440,70.53,191791,1024.875324,421,23,35115.30935,803626065.6,177,1024,6093,16093,23387,0,0,0
KERALA,2004,32559088,417,391,473,480,0,480,232,142,90,129,15,639,4580,5240,1717,3523,6461,336,3755,99,374,20610,31,2260,133,3222,0,42,54106,438,82,6268,104025,91.46,38852,406.6205966,320,2,-14036.69065,-79214126.93,129,639,4580,5240,10588,4.525149213,0.571190584,-0.196545572
MADHYA PRADESH,2004,63365917,2379,2563,188,2875,0,2875,832,584,248,147,134,1526,12308,22586,6148,16438,2479,548,1287,36,893,33285,751,6690,804,3436,0,4209,96911,4699,1667,15140,196867,65.93,308245,2871.84287,6768,35,2347.309353,1259204751,147,1526,12308,22586,36567,0,0,0
MAHARASHTRA,2004,101468210,2696,1463,115,1388,0,1388,1045,787,258,629,315,2229,14659,43952,11307,32645,5980,1528,5167,218,1149,30122,314,2831,862,5646,0,9574,44420,715,231,11828,176302,79.27,307713,3275.061862,4934,85,-30420.69065,1771707748,629,2229,14659,43952,61469,3,7,0
MANIPUR,2004,2446833,159,227,3,31,0,31,128,71,57,2,2,3,66,244,108,136,115,25,142,4,85,233,0,30,0,2,0,35,999,0,0,134,2535,74.97,22327,-77.32518521,0,18,-6100.690647,-119986620.7,2,3,66,244,315,0,0,0
MEGHALAYA,2004,2430062,124,42,7,54,0,54,54,18,36,91,2,81,142,418,138,280,2,25,44,2,15,123,2,34,0,5,0,51,434,0,0,113,1752,66.13,22429,-136.3845027,53,1,6955.309353,18736696.83,91,81,142,418,732,0,0,0
MIZORAM,2004,916968,35,21,2,20,0,20,15,0,15,10,0,6,250,610,0,610,2,30,20,6,22,80,0,66,0,0,0,0,320,0,0,86,1515,88.49,21081,50.59422086,607,0,-24276.69065,-197903432.7,10,6,250,610,876,0,0,0
NAGALAND,2004,2086382,70,33,5,18,0,18,23,4,19,14,0,117,70,255,26,229,6,11,28,0,5,52,0,3,1,0,0,34,239,0,0,26,984,68.14,16579,-36.70842154,3,0,3883.309353,-19233664.65,14,117,70,255,456,0,0,0
ODISHA,2004,38824778,1066,1197,25,770,0,770,526,423,103,238,0,952,2992,5967,1401,4566,1433,271,805,14,343,4938,319,1811,170,1192,0,2652,21058,1398,519,4685,48739,68.78,155707,444.9196564,354,8,43307.30935,527328225.2,238,952,2992,5967,10149,4,2,0
PUNJAB,2004,25405054,775,716,148,390,0,390,463,311,152,17,79,86,1766,2587,1132,1455,16,313,2729,60,52,4402,113,261,38,801,0,2181,7637,134,0,1914,25630,72.55,50362,72.6486658,79,93,-5844.690647,-84220911.68,17,86,1766,2587,4456,0,0,0
RAJASTHAN,2004,58937566,1279,2030,59,1038,0,1038,2384,1881,503,58,46,673,5911,18842,6648,12194,3101,885,8333,65,835,25947,379,2825,41,6781,1,5579,67767,4360,1031,12946,154859,62.3,342239,1394.792255,1729,46,67883.30935,1299632473,58,673,5911,18842,25484,8.869920534,2.287206551,-0.244557476
SIKKIM,2004,566619,16,8,3,3,0,3,5,4,1,0,0,5,64,73,6,67,76,4,22,1,7,78,0,40,0,1,0,29,196,16,32,48,631,71.41,7096,-78.4083272,13,0,2475.309353,-43828344.73,0,5,64,73,142,3.046140246,0.013966319,0.129892889
TAMIL NADU,2004,65698096,1479,1772,26,618,0,618,870,692,178,72,54,464,4147,17530,3996,13534,3433,268,2121,40,662,30855,225,1861,1081,1437,0,9152,88439,1156,27,5914,166606,76.7,130060,1051.142623,797,50,2347.309353,696047539.2,72,464,4147,17530,22213,1,1,0
TRIPURA,2004,3326479,189,36,0,160,0,160,99,54,45,27,2,46,166,260,49,211,148,17,34,12,24,452,20,134,0,302,0,85,868,1,0,670,3081,77.67,10486,-86.70776414,0,11,-4564.690647,-100581954.7,27,46,166,260,499,2.95578347,0.39268966,0.607048689
UTTAR PRADESH,2004,176133744,6126,5580,1436,1397,0,1397,3337,2324,1013,378,98,2606,5299,22524,8452,14072,3915,2377,4184,188,381,11265,1708,1900,2682,4950,3,7136,40711,3785,5,14964,130181,63.06,240928,1762.810511,129,111,35115.30935,1219896875,378,2606,5299,22524,30807,3.859501253,8.655967066,0.496806101
UTTARAKHAND,2004,8757523,262,247,29,115,0,115,213,127,86,37,1,165,566,1597,500,1097,444,157,372,13,28,865,82,143,110,405,0,464,2319,137,3,982,8634,73.6,53566,22.03353445,16,6,10539.30935,74494619.53,37,165,566,1597,2365,3.980272641,0.254074721,0.157282717
WEST BENGAL,2004,83344579,1425,390,468,1475,0,1475,1200,1018,182,212,943,535,547,14465,2668,11797,2691,425,1686,125,103,3867,396,1566,64,6334,12,2995,27426,14,9,10865,69350,70.38,88752,569.7239054,88,16,-5844.690647,598496756.9,212,535,547,14465,15759,0,0,0
A & N ISLANDS,2004,404902,15,1,2,10,0,10,3,3,0,0,0,3,69,103,9,94,9,0,12,0,9,105,0,6,3,5,0,6,387,0,1,27,748,81.67,8249,297.2313561,1872.143744,3,-19924.69065,-23394514.97,0,3,69,103,175,2.404433564,13.84300172,6.850722413
CHANDIGARH,2004,964215,22,19,10,19,0,19,54,43,11,0,2,6,186,1459,653,806,43,23,135,4,0,65,6,20,18,73,0,5,720,0,0,179,2889,82.62,114,6.076735739,105,2,-16084.69065,-131891865.7,0,6,186,1459,1651,2.447309238,-0.454694206,0.349552755
D & N HAVELI,2004,230756,11,4,0,7,0,7,12,7,5,3,0,2,20,53,20,33,17,12,22,0,2,35,0,5,0,3,0,8,193,0,4,22,409,65.13,491,-87.59232066,4,0,7787.309353,5645752.287,3,2,20,53,78,2.956131535,0.255687064,-0.017581837
DAMAN & DIU,2004,166835,3,1,0,1,0,1,2,0,2,0,0,1,35,27,12,15,19,4,5,0,2,17,0,1,0,4,0,25,51,0,1,6,198,85.68,112,-82.92290925,0,0,-14836.69065,-196744727.3,0,1,35,27,63,2.717915711,-0.554984417,0.474319055
LAKSHADWEEP,2004,63976,0,0,0,0,0,0,0,0,0,0,0,0,2,5,0,5,37,0,0,1,0,6,0,0,0,1,0,0,18,0,0,1,70,87.34,32,-84.46715879,0,0,-16756.69065,-213226200.4,0,0,2,5,7,2.681308521,-0.621403579,0.522059783
PUDUCHERRY,2004,1019077,25,18,14,4,0,4,10,8,2,0,0,1,86,634,322,312,147,7,35,2,9,974,6,50,30,2,0,176,2390,23,0,100,4620,81.82,479,-45.04828916,55,0,-11476.69065,-133198962.1,0,1,86,634,721,2.662593602,-0.44756439,0.356639969
ANDHRA PRADESH,2005,82335801,2750,1724,111,935,1,934,1612,995,617,250,4,794,7954,23778,5465,18313,2026,948,7909,257,967,42179,443,3595,2508,8696,3,9973,37707,3117,515,17175,157123,67.39,275045,1387.297949,1419,48,32776,751545976,250,794,7954,23778,32776,0,0,0
ARUNACHAL PRADESH,2005,1184653,81,37,5,35,0,35,58,39,19,23,0,77,263,531,119,412,23,36,28,4,13,383,0,67,0,9,0,69,562,2,54,150,2304,64.75,83743,11.53294978,147,0,894,46073501,23,77,263,531,894,0,0,0
ASSAM,2005,28053772,1194,503,117,1238,0,1238,1751,1456,295,334,22,451,2255,6369,955,5414,2760,487,873,103,423,5906,99,899,19,2206,3,2695,11299,282,216,5920,42006,76.58,78438,113.3277027,373,9,9409,178998996,334,451,2255,6369,9409,1,0,0
BIHAR,2005,87790018,3471,3307,259,1147,0,1147,2693,929,1764,1212,165,2374,3117,10812,2134,8678,7671,1181,1829,50,760,11939,1014,451,13,1574,74,2680,40057,1824,82,5202,97850,57.66,94163,84.57598701,310,33,17515,273082345,1212,2374,3117,10812,17515,3.170518276,5.406834732,0.374474498
CHHATTISGARH,2005,22010465,1013,660,41,990,0,990,246,184,62,204,25,401,3621,5600,1619,3981,893,110,431,73,214,3734,100,1450,132,732,0,2004,20959,454,497,3588,43633,71.68,135191,480.5928283,1686,14,9826,268191880,204,401,3621,5600,9826,0,0,0
GOA,2005,1443911,45,15,5,20,0,20,17,12,5,2,0,28,265,495,185,310,45,50,58,6,12,155,2,30,8,11,0,209,641,2,1,83,2119,83.15,3702,-37.8885215,61,0,-11476.69065,-147349187.3,2,28,265,495,790,2.853574879,-0.463376092,0.374262117
GUJARAT,2005,53193892,1033,452,27,324,0,324,1164,916,248,282,15,966,5332,17964,7083,10881,1628,1370,1541,447,320,10503,48,802,104,4090,0,4120,60882,1307,237,6284,113414,76.44,196024,1189.733625,1828,48,24544,835241359,282,966,5332,17964,24544,11,10,0
HARYANA,2005,22817519,784,513,57,461,0,461,492,344,148,88,138,390,3437,8694,5034,3660,899,562,1204,31,119,4569,212,380,597,2075,0,1083,15879,288,0,4069,42664,71.49,44212,640.7842415,1206,54,12609,463902424,88,390,3437,8694,12609,0,0,0
HIMACHAL PRADESH,2005,6485246,110,79,22,141,0,141,118,102,16,6,0,22,696,696,166,530,558,82,163,6,97,1359,2,286,29,228,0,480,7165,55,10,788,12345,78.74,55673,26.81157053,183,1,1420,68147727,6,22,696,696,1420,0,0,0
JAMMU & KASHMIR,2005,10662279,647,905,37,201,0,201,748,658,90,13,0,116,1397,1901,504,1397,1222,117,403,29,240,355,5,830,371,76,0,462,10040,1,0,2141,20115,61.45,222236,76.23686967,6,47,3427,103828111,13,116,1397,1901,3427,0,0,0
JHARKHAND,2005,28568908,1523,1084,87,753,5,748,621,283,338,592,49,732,1610,6195,1181,5014,2524,243,643,19,202,3078,257,293,36,590,4,1490,12550,277,483,2216,35175,62.76,74677,-40.94985724,883,12,10539.30935,418360674.8,592,732,1610,6195,9129,1,0,0
KARNATAKA,2005,56641538,1609,1406,80,343,0,343,589,312,277,208,119,1202,5986,17008,5920,11088,6151,434,2909,133,238,20883,261,1585,71,1883,0,243,54239,1780,161,4455,117580,72.02,191791,1079.765534,236,17,24404,817172602,208,1202,5986,17008,24404,1,2,0
KERALA,2005,32796224,388,341,88,478,0,478,226,129,97,110,158,621,4110,5454,1969,3485,6535,361,3261,79,456,18302,21,2339,175,3283,0,34,57530,345,82,6425,104350,91.66,38852,442.6650915,380,9,10295,515566635,110,621,4110,5454,10295,3,0,0
MADHYA PRADESH,2005,64383393,2405,2512,134,2921,0,2921,847,604,243,147,130,1557,11192,20685,6390,14295,2573,613,1292,51,817,33803,739,6426,792,2989,3,4593,91951,4356,1615,14474,189172,66.66,308245,2604.608509,5673,43,33581,619740811,147,1557,11192,20685,33581,0,0,0
MAHARASHTRA,2005,102996199,2621,1614,98,1545,0,1545,1194,851,343,641,307,2411,15615,46851,12189,34662,6779,1720,6391,385,1123,30017,341,3228,919,6233,0,9608,47386,865,224,13117,187027,80.08,307713,3392.70526,5696,105,65518,2936344274,641,2411,15615,46851,65518,0,0,0
MANIPUR,2005,2495663,256,252,4,25,0,25,106,69,37,4,0,8,62,243,92,151,35,52,122,10,155,295,0,25,0,20,0,5,1234,0,0,139,2913,76.47,22327,-37.97785446,0,2,317,16736542,4,8,62,243,317,3,0,0
MEGHALAYA,2005,2468003,134,35,2,63,0,63,48,19,29,81,1,95,148,476,116,360,42,18,39,3,70,135,1,44,0,3,0,61,381,0,0,130,1880,67.32,22429,-66.39136949,95,2,800,33918479,81,95,148,476,800,0,0,0
MIZORAM,2005,926901,24,24,5,37,0,37,13,0,13,3,0,6,442,777,0,777,35,11,58,5,20,77,4,49,4,0,0,4,558,0,0,94,2156,88.49,21081,53.20067132,323,0,1228,17718795,3,6,442,777,1228,0,0,0
NAGALAND,2005,2119579,87,26,8,17,0,17,26,9,17,12,0,80,93,294,97,197,8,17,41,5,4,35,0,7,0,0,0,37,252,0,0,33,1049,68.65,16579,0,3,1,479,9429668,12,80,93,294,479,0,0,0
ODISHA,2005,39509013,1079,1279,48,799,0,799,641,547,94,184,50,998,3029,6743,1626,5117,1515,301,1040,31,386,5919,334,2238,184,1671,0,3034,20182,1439,602,5773,51685,70.68,155707,86,596,7,10954,297906936,184,998,3029,6743,10954,2,0,0
PUNJAB,2005,25762254,713,723,216,398,0,398,478,329,149,27,103,85,1933,2924,1151,1773,1,306,2934,73,55,4267,99,308,43,729,0,2283,8438,140,0,1906,27136,73.51,50362,210,112,94,4969,325742308,27,85,1933,2924,4969,0,0,0
RAJASTHAN,2005,59751511,1221,1920,59,993,0,993,1993,1549,444,41,79,590,5227,17898,6723,11175,2290,613,8341,88,648,22606,361,2503,28,5997,0,5872,61549,3795,863,11431,140917,62.93,342239,580,1742,32,23756,718848065,41,590,5227,17898,23756,8.34505773,3.983177661,-0.363752389
SIKKIM,2005,575625,8,16,2,18,0,18,3,2,1,2,0,4,85,81,5,76,19,4,44,2,3,99,0,38,0,4,0,53,67,7,22,62,552,72.27,7096,25,23,1,172,4533982,2,4,85,81,172,2.401078087,-0.528702292,-0.030408096
TAMIL NADU,2005,66827019,1440,1759,28,571,1,570,1029,783,246,73,0,437,3738,15851,3583,12268,2551,239,2694,40,495,31725,215,1764,665,1650,0,8902,86494,1206,13,5648,162360,77.78,130060,288,858,45,20099,385878772,73,437,3738,15851,20099,3,2,0
TRIPURA,2005,3369280,121,56,1,162,0,162,85,43,42,22,0,61,170,325,62,263,148,32,59,16,35,429,34,161,1,439,0,188,811,38,12,840,3356,79.17,10486,28,0,8,578,14557243,22,61,170,325,578,2.445759007,-0.396290235,0.36144246
UTTAR PRADESH,2005,179586262,5711,5637,1520,1217,0,1217,2955,2256,699,286,89,2049,4556,20695,8647,12048,3926,2524,4556,261,398,10379,1564,1835,2881,4505,0,7406,37158,4397,6,14258,122108,64.96,240928,1801,105,118,27586,874168257,286,2049,4556,20695,27586,0,0,0
UTTARAKHAND,2005,8848211,279,202,30,133,0,133,203,125,78,48,0,159,521,1630,533,1097,433,144,396,22,24,745,63,100,89,272,0,462,2078,99,1,782,8033,74.26,53566,76,32,17,2358,69814936,48,159,521,1630,2358,3.265589968,0.401478007,0.36446424
WEST BENGAL,2005,84370259,1453,434,408,1686,0,1686,1207,1039,168,211,1221,426,739,12124,2435,9689,2635,528,1760,107,92,4125,446,1572,54,6936,61,2737,25444,12,12,11794,66406,70.96,88752,236,99,23,13500,311480004,211,426,739,12124,13500,9,7,0
A & N ISLANDS,2005,421779,14,3,3,4,0,4,2,1,1,0,0,4,68,92,6,86,4,8,13,0,6,79,0,11,1,5,0,3,362,0,2,22,682,81.79,8249,8,1872.142237,0,164,8895067,0,4,68,92,164,3.058727082,15.8906972,7.935898034
CHANDIGARH,2005,985880,18,15,4,33,0,33,54,45,9,0,2,12,223,1373,579,794,43,41,161,0,1,57,3,31,9,75,0,9,969,0,0,196,3133,82.85,114,57,114,3,1608,59967766,0,12,223,1373,1608,0,0,0
D & N HAVELI,2005,234231,7,5,0,5,0,5,13,9,4,3,0,2,25,74,17,57,18,12,10,4,1,33,0,5,0,5,0,17,195,2,2,24,434,67.63,491,5,19,0,104,12749605,3,2,25,74,104,2.245486782,-0.473835402,-0.223279863
DAMAN & DIU,2005,169805,5,2,0,2,0,2,4,2,2,4,0,0,37,50,27,23,19,6,3,7,1,16,1,1,0,3,0,24,58,2,0,9,243,88.18,112,5,1,0,91,6939313,4,0,37,50,91,2.234019316,-1.094316508,0.441081392
LAKSHADWEEP,2005,65164,1,0,0,0,0,0,0,0,0,0,0,0,2,7,0,7,6,0,0,0,0,4,0,0,0,0,0,0,22,0,0,0,42,87.57,32,0,1,0,9,261658,0,0,2,7,9,2.228710784,-1.090182118,0.426974577
PUDUCHERRY,2005,1034495,19,24,8,6,0,6,6,3,3,1,0,5,67,466,235,231,159,8,41,0,9,857,4,60,26,6,0,224,2579,14,0,105,4575,82.02,479,8,40,0,539,11322670,1,5,67,466,539,2.177294687,-0.908237787,0.219576315
ANDHRA PRADESH,2006,83899047,2766,1860,123,1049,1,1048,2030,1329,701,178,3,679,8304,23510,5313,18197,2916,1007,8363,324,1012,47946,519,4534,2411,9164,0,11489,43722,3891,793,19006,173909,68.68,275045,1386,1651,49,18731.30935,1012879135,178,679,8304,23510,32671,0,0,0
ARUNACHAL PRADESH,2006,1207224,60,33,3,37,0,37,75,51,24,28,0,74,257,451,74,377,6,61,38,9,20,415,1,63,2,14,0,82,565,0,27,168,2294,67.36,83743,27,80,0,19243.30935,89649425.71,28,74,257,451,810,0,0,0
ASSAM,2006,28411051,1207,414,32,1244,0,1244,1825,1544,281,319,12,544,2911,7820,1362,6458,2684,461,905,98,488,5290,105,1290,10,2548,0,3022,10444,282,244,6741,43673,79.91,78438,252,539,19,2347.309353,290320935.1,319,544,2911,7820,11594,1,0,0
BIHAR,2006,89008384,3249,3303,326,1232,0,1232,2619,1084,1535,1001,140,2169,3531,11752,2023,9729,8259,1054,2171,97,785,12674,1188,530,53,1689,42,2860,39941,2043,56,5818,100665,60.33,94163,66,228,14,18731.30935,736098636.6,1001,2169,3531,11752,18453,3.650487892,4.810891141,-0.288120252
CHHATTISGARH,2006,22341673,1098,825,15,995,0,995,239,178,61,160,24,439,3507,5262,1623,3639,905,137,507,33,262,6722,103,1598,143,717,1,2239,19246,444,583,3735,45177,73.43,135191,1238,1816,30,10539.30935,233285956.5,160,439,3507,5262,9368,0,0,0
GOA,2006,1469303,39,17,1,21,0,21,16,10,6,7,0,17,252,494,223,271,63,35,55,9,38,170,0,18,7,14,0,233,698,4,0,70,2204,83.44,3702,54,67,0,-17108.69065,-208233148.7,7,17,252,494,770,1,1,0
GUJARAT,2006,53845144,1165,471,24,354,0,354,1128,945,183,290,12,970,5530,18475,7188,11287,1534,1246,1529,196,321,10685,50,736,138,4977,0,4339,66802,995,164,7200,120972,78.26,196024,977,2125,43,18731.30935,1042452318,290,970,5530,18475,25265,15,13,0
HARYANA,2006,23252069,873,585,59,608,0,608,635,431,204,104,224,410,4001,10518,6300,4218,1142,750,1424,35,156,5135,255,486,491,2254,0,1350,19014,283,0,4525,50509,72.39,44212,462,1253,54,-14036.69065,328938647.4,104,410,4001,10518,15033,3.057900423,3.050286127,1.19829454
HIMACHAL PRADESH,2006,6593382,111,78,20,113,0,113,130,109,21,7,0,29,754,812,214,598,566,137,129,4,115,1261,3,275,31,259,0,499,7760,92,17,790,13093,79.3,55673,136,119,1,299.3093525,-81737744.31,7,29,754,812,1602,0,0,0
JAMMU & KASHMIR,2006,10801836,487,854,40,250,0,250,789,723,66,10,0,112,1351,1937,554,1383,1197,123,463,35,203,376,10,960,347,135,0,222,10886,2,0,2425,20787,62.93,222236,85,7,59,47403.30935,300672025.9,10,112,1351,1937,3410,3,3,0
JHARKHAND,2006,28984975,1492,1078,97,799,0,799,635,410,225,536,45,779,1428,6173,1146,5027,2650,319,833,34,178,3055,281,414,44,668,5,1154,13667,333,332,2621,36364,65.06,74677,112,838,25,10539.30935,411235179.8,536,779,1428,6173,8916,1,0,0
KARNATAKA,2006,57656060,1627,1484,68,400,0,400,563,328,235,202,247,1349,5967,14901,5759,9142,6183,471,2910,139,268,19488,244,1683,38,2129,0,534,56815,1730,214,4822,117710,73.51,191791,276,487,9,35115.30935,880770036.7,202,1349,5967,14901,22419,0,0,0
KERALA,2006,33032295,393,347,87,601,0,601,294,202,92,129,125,691,4245,5431,2014,3417,6365,299,3316,68,435,19105,25,2543,222,3708,0,49,56777,364,75,7301,105255,91.86,38852,553,402,1,-14036.69065,-52250252.01,129,691,4245,5431,10496,1,0,0
MADHYA PRADESH,2006,65406766,2309,2370,138,2900,0,2900,808,617,191,151,121,1770,10960,21733,7552,14181,2308,519,1522,38,815,34709,764,6243,762,2989,0,4823,95959,4214,1498,14275,194711,67.39,308245,3939,5936,30,18731.30935,1210029070,151,1770,10960,21733,34614,0,0,0
MAHARASHTRA,2006,104542388,2656,1680,100,1500,1,1499,1261,921,340,663,323,2574,15877,46473,12741,33732,7453,1726,6234,317,1188,29407,387,3479,984,6738,1,10933,49834,1053,267,14010,191788,80.89,307713,2841,5965,99,-30420.69065,2084972731,663,2574,15877,46473,65587,5,3,0
MANIPUR,2006,2544899,205,265,4,40,0,40,130,79,51,2,27,8,55,290,105,185,60,40,82,9,109,296,0,42,0,10,0,3,1207,0,26,171,2884,77.96,22327,54,0,7,-8148.690647,-148923390.2,2,8,55,290,355,0,0,0
MEGHALAYA,2006,2506380,157,42,8,74,0,74,57,25,32,57,4,65,140,470,135,335,7,16,83,7,28,138,6,57,0,13,0,68,438,0,0,175,1935,68.51,22429,71,58,0,4907.309353,-19044666.41,57,65,140,470,732,0,0,0
MIZORAM,2006,937057,25,19,7,72,0,72,6,1,5,7,0,10,422,758,60,698,0,30,78,10,25,72,0,51,0,1,0,26,454,0,0,125,2073,88.49,21081,35,83,1,-19156.69065,-222995750.8,7,10,422,758,1197,0,0,0
NAGALAND,2006,2153336,123,46,8,23,0,23,31,3,28,16,0,84,70,327,113,214,7,18,37,10,16,50,0,3,2,3,0,28,201,5,109,34,1103,69.17,16579,14,3,0,2603.309353,-36777617.08,16,84,70,327,497,0,0,0
ODISHA,2006,40198878,1159,752,36,985,0,985,704,577,127,239,76,1184,3120,6567,1571,4996,1535,313,1364,16,371,6226,457,2415,247,694,12,2945,21375,1153,349,5387,52792,72.58,155707,154,581,12,26923.30935,502865460.6,239,1184,3120,6567,11110,0,0,0
PUNJAB,2006,26123740,817,898,165,442,0,442,591,418,173,35,90,142,2277,3946,1561,2385,3,281,3393,66,68,5104,130,314,60,801,2,2919,9524,184,0,2167,32068,74.48,50362,329,116,99,-5844.690647,-52685516.46,35,142,2277,3946,6400,3.223608294,4.958200338,2.660458367
RAJASTHAN,2006,60567273,1209,1694,79,1085,0,1085,1970,1553,417,37,97,631,5085,17889,7276,10613,1767,694,10191,56,551,21296,394,2582,31,7038,3,6234,61379,3910,967,12686,141992,63.56,342239,951,1908,42,67883.30935,1361122311,37,631,5085,17889,23642,8.873169376,3.658392796,0.532270129
SIKKIM,2006,584845,21,16,2,20,0,20,8,7,1,0,0,9,84,113,8,105,12,10,37,1,1,96,0,14,0,6,0,39,214,2,0,47,703,73.14,7096,35,35,1,683.3093525,-68250882.53,0,9,84,113,206,2.984119945,0.004471423,0.249845682
TAMIL NADU,2006,67970422,1363,1599,20,457,0,457,906,718,188,95,4,450,3300,13651,2877,10774,1838,194,2116,63,460,14067,187,1179,852,1248,0,10792,94131,991,24,4641,148972,78.86,130060,353,743,45,2347.309353,594544130.5,95,450,3300,13651,17496,0,0,0
TRIPURA,2006,3412297,154,52,1,189,0,189,105,62,43,18,1,71,182,392,31,361,154,23,84,12,35,464,35,207,0,471,0,199,1091,14,9,964,3940,80.66,10486,41,0,11,-7892.690647,-134644341.2,18,71,182,392,663,2.851731322,0.239820184,0.66337266
UTTAR PRADESH,2006,183111377,5480,4997,1543,1314,0,1314,3318,2551,767,218,86,2024,4577,20447,9621,10826,3774,2509,5142,278,299,10412,1798,2096,2714,5204,0,7235,41536,4960,11,15677,127001,66.86,240928,1767,153,123,18731.30935,937258446.6,218,2024,4577,20447,27266,0,0,0
UTTARAKHAND,2006,8939553,274,215,40,147,0,147,212,183,29,31,2,157,470,1696,525,1171,489,95,514,14,39,854,80,153,113,358,0,524,1935,68,1,1034,8412,74.92,53566,51,101,6,6443.309353,56274306.71,31,157,470,1696,2354,3.677276563,0.536717914,0.295443827
WEST BENGAL,2006,85381521,1425,672,401,1731,0,1731,1355,1199,156,177,1263,426,601,12532,2714,9818,2385,519,1947,135,111,6299,445,1837,63,7414,1,3039,23274,13,7,12690,68052,71.54,88752,432,112,25,-5844.690647,498474677.6,177,426,601,12532,13736,1,1,0
A & N ISLANDS,2006,438982,4,4,1,6,0,6,5,5,0,0,0,5,82,101,6,95,10,3,15,4,9,78,0,14,4,7,0,2,322,0,17,36,676,81.92,8249,9,1872.142939,0,-20820.69065,2364370.93,0,5,82,101,188,2.47258923,13.6114343,6.614341706
CHANDIGARH,2006,1007778,12,21,8,19,0,19,65,57,8,1,3,34,189,1234,529,705,44,59,232,3,5,55,10,20,13,102,0,14,983,2,0,221,3126,83.07,114,64,104,2,-20180.69065,-184235565.5,1,34,189,1234,1458,0,0,0
D & N HAVELI,2006,237726,9,0,1,6,0,6,18,14,4,5,0,5,41,61,13,48,8,30,10,1,5,35,1,5,1,5,0,16,172,2,1,32,435,70.13,491,15,9,0,2539.309353,-52353839.83,5,5,41,61,112,2.862602513,0.101887911,0.145929385
DAMAN & DIU,2006,172822,6,3,0,3,0,3,3,1,2,8,0,1,60,63,33,30,24,9,3,4,5,18,0,2,0,2,0,26,48,1,0,8,288,90.68,112,3,5,0,-20180.69065,-253210261.8,8,1,60,63,132,2.621613366,-0.896210964,0.569151406
LAKSHADWEEP,2006,66390,0,2,0,0,0,0,0,0,0,0,0,0,2,17,1,16,12,0,0,0,4,5,0,0,0,1,0,0,37,0,0,1,80,87.79,32,0,0,0,-17172.69065,-226216597.1,0,0,2,17,19,2.623562333,-0.745562298,0.510244968
PUDUCHERRY,2006,1050145,30,24,3,9,0,9,18,13,5,2,0,3,84,560,320,240,194,6,36,2,22,927,3,56,39,19,0,209,2441,14,0,139,4687,82.21,479,25,36,0,-11476.69065,-147985120.3,2,3,84,560,649,2.579551544,-0.467118294,0.347840964
ANDHRA PRADESH,2007,85475214,2665,1885,135,1070,0,1070,2097,1564,533,170,6,614,7677,24391,6183,18208,1998,869,8103,224,1176,46122,613,4406,3316,11335,0,12629,43586,3383,753,22304,175087,69.97,275045,1499,1801,39,35115.30935,1237479901,170,614,7677,24391,32852,0,0,0
ARUNACHAL PRADESH,2007,1230150,68,29,2,48,0,48,68,44,24,16,0,75,240,513,116,397,16,41,33,10,22,375,0,72,1,20,0,82,555,0,32,185,2286,69.96,83743,4,105,0,15659.30935,69601722.63,16,75,240,513,844,0,0,0
ASSAM,2007,28771642,1374,451,109,1437,0,1437,1971,1471,500,299,12,496,2603,7754,1982,5772,2601,653,895,115,380,5175,100,789,10,3000,0,2875,12183,126,49,6807,45282,83.24,78438,167,1155,31,-14036.69065,246919503.9,299,496,2603,7754,11152,5,0,0
BIHAR,2007,90234986,3034,3113,257,1555,0,1555,2530,1260,1270,686,78,1787,3259,11795,2392,9403,7962,1326,2358,79,865,16288,1172,853,12,1635,56,3789,44931,2786,65,6543,109420,63,94163,675,1396,27,18731.30935,820570670.5,686,1787,3259,11795,17527,2,0,0
CHHATTISGARH,2007,22677703,1097,747,26,982,0,982,244,181,63,115,13,427,3632,5381,1814,3567,881,150,467,64,253,6801,100,1549,111,824,0,2476,19505,511,615,3747,45845,75.19,135191,1024,1576,80,2347.309353,151683538.5,115,427,3632,5381,9555,0,0,0
GOA,2007,1495234,33,23,7,20,0,20,12,7,5,7,0,22,292,494,207,287,70,36,55,10,24,150,2,20,7,14,0,247,934,0,0,70,2479,83.73,3702,70,76,0,-16596.69065,-205793030.2,7,22,292,494,815,1,0,0
GUJARAT,2007,54495413,1166,494,21,316,0,316,1312,1089,223,245,10,1095,4870,18164,8022,10142,1668,1139,1116,286,330,10989,42,822,120,5827,0,4831,68332,1040,156,8216,123195,80.09,196024,1110,2276,47,-14036.69065,791891092.8,245,1095,4870,18164,24374,21,20,0
HARYANA,2007,23693466,911,592,72,488,0,488,801,554,247,139,266,502,4231,11047,6499,4548,1173,726,1232,33,142,5031,269,417,409,2412,0,1545,19159,227,0,4549,51597,73.29,44212,325,1457,36,-5844.690647,473389375.3,139,502,4231,11047,15919,0,0,0
HIMACHAL PRADESH,2007,6704121,127,57,9,159,0,159,171,150,21,5,0,23,877,1092,264,828,649,132,212,11,141,1318,8,322,33,342,0,597,7937,91,2,1014,14222,79.87,55673,151,145,7,-1748.690647,-89496090.85,5,23,877,1092,1997,0,0,0
JAMMU & KASHMIR,2007,10945518,318,669,23,288,0,288,758,707,51,18,0,111,1460,2086,514,1572,1209,121,489,31,186,374,9,986,353,176,0,243,11535,1,0,2519,21443,64.42,222236,26,15,27,49451.30935,332503034.6,18,111,1460,2086,3675,6,7,0
JHARKHAND,2007,29405081,1617,1076,92,855,0,855,762,534,228,524,40,771,1495,7091,1784,5307,2565,448,814,19,160,3783,303,342,15,801,0,1019,13897,538,268,2850,38489,67.36,74677,74,467,12,10539.30935,412877533.1,524,771,1495,7091,9881,3.585475566,1.650757407,0.330570345
KARNATAKA,2007,58683312,1538,1251,55,436,1,435,680,390,290,178,242,1313,5449,14351,5887,8464,5783,400,3600,124,262,18963,251,1828,28,2507,0,514,60853,1844,205,5440,120606,75,191791,266,504,25,35115.30935,875166732.1,178,1313,5449,14351,21291,2,0,0
KERALA,2007,33267388,367,402,92,512,0,512,255,177,78,121,157,869,4100,5609,2113,3496,7358,394,4215,54,398,18975,27,2624,262,3999,0,59,57681,477,88,7601,108530,92.06,38852,487,630,17,-22228.69065,-47330557.34,121,869,4100,5609,10699,1,0,0
MADHYA PRADESH,2007,66436176,2244,2423,155,3010,0,3010,922,701,221,143,109,1975,11230,22396,8915,13481,2648,531,1661,38,909,36643,742,6772,780,3294,0,5754,98007,4106,1501,15299,202386,68.12,308245,4290,6407,41,2347.309353,1137649542,143,1975,11230,22396,35744,0,0,0
MAHARASHTRA,2007,106106893,2693,1615,113,1451,0,1451,1312,967,345,716,405,2770,15607,47681,13895,33786,7993,1715,6235,270,1267,29622,436,3306,1039,7356,0,11946,50159,1166,239,14555,195707,81.7,307713,2707,6246,77,-63188.69065,1949419936,716,2770,15607,47681,66774,2,1,0
MANIPUR,2007,2594543,240,377,2,20,0,20,150,83,67,3,146,11,70,454,150,304,70,19,93,4,63,377,0,70,0,15,0,1,1074,0,1,188,3259,79.46,22327,49,0,0,-8916.690647,-145917799.8,3,11,70,454,538,0,0,0
MEGHALAYA,2007,2545191,114,49,8,82,0,82,52,22,30,55,1,56,203,500,91,409,33,17,164,12,36,124,2,45,1,19,0,68,438,0,0,171,2079,69.7,22429,71,105,1,1835.309353,-42020420.36,55,56,203,500,814,0,0,0
MIZORAM,2007,947443,43,21,4,83,0,83,4,0,4,0,0,5,457,808,64,744,1,20,66,16,38,85,0,66,0,2,0,34,330,0,0,151,2083,88.49,21081,64,80,11,-22228.69065,-253783720.3,0,5,457,808,1270,0,0,0
NAGALAND,2007,2187666,111,50,8,13,0,13,17,6,11,7,0,75,118,360,194,166,15,13,34,8,5,52,0,8,1,0,0,43,242,0,0,28,1180,69.68,16579,7,0,1,2091.309353,-41751362.48,7,75,118,360,560,0,0,0
ODISHA,2007,40894427,1210,1105,22,939,0,939,801,660,141,247,42,1273,3073,6830,1733,5097,1983,319,1263,30,411,7478,461,2775,241,728,0,3771,19870,1355,394,5804,54872,74.48,155707,201,627,2,26923.30935,531580716.8,247,1273,3073,6830,11423,0,0,0
PUNJAB,2007,26489497,760,893,170,519,0,519,760,545,215,37,92,138,2616,5173,2084,3089,1,329,3581,68,96,5663,133,427,48,971,0,2801,10517,177,0,2643,35793,75.45,50362,527,105,94,2347.309353,46089205.68,37,138,2616,5173,7964,3.480880681,4.442202375,2.496807937
RAJASTHAN,2007,61384743,1303,1772,64,1238,0,1238,2177,1694,483,71,81,778,5164,19345,8258,11087,1626,825,11919,56,675,19720,439,2477,28,8170,0,7096,63846,4174,1110,14046,148870,64.19,342239,1252,1969,51,51499.30935,1279423185,71,778,5164,19345,25358,8.687598654,2.953667714,0.505083412
SIKKIM,2007,594286,9,14,3,24,0,24,9,9,0,0,0,6,83,118,11,107,15,7,34,3,1,95,0,13,0,7,0,34,192,10,13,53,667,74,7096,31,90,5,-1108.690647,-76264268.93,0,6,83,118,207,2.915225557,0.1795392,0.430462174
TAMIL NADU,2007,69127905,1633,2078,28,523,0,523,1270,1097,173,88,33,495,3717,13217,2901,10316,2375,261,2510,74,653,16967,208,1540,875,1976,0,11485,110748,1743,17,6219,172754,79.95,130060,441,840,52,2347.309353,559700494,88,495,3717,13217,17517,0,0,0
TRIPURA,2007,3455537,138,58,2,157,0,157,113,81,32,14,2,64,193,411,55,356,142,42,85,10,23,546,36,244,4,545,0,203,1241,8,6,1067,4273,82.16,10486,63,2,13,-16084.69065,-209757330.4,14,64,193,411,682,0,0,0
UTTAR PRADESH,2007,186710710,5000,4424,1616,1648,0,1648,4478,3363,1115,437,82,2169,5057,22816,10859,11957,4495,3639,8399,337,268,10694,2076,2522,2882,7650,0,7655,51914,6144,4,20141,150258,68.76,240928,2248,414,142,51499.30935,1314271470,437,2169,5057,22816,30479,22,9,0
UTTARAKHAND,2007,9031565,268,228,50,117,0,117,253,227,26,46,6,173,548,1593,565,1028,459,163,697,39,37,886,70,146,63,463,0,608,2686,71,1,1086,9599,75.58,53566,101,116,6,8491.309353,61917412.73,46,173,548,1593,2360,3.923774348,0.19162738,0.322737226
WEST BENGAL,2007,86379158,1652,877,394,2106,0,2106,1800,1590,210,146,1150,427,399,13747,2421,11326,3727,672,2406,127,121,6909,451,2281,99,9900,5,3803,27903,4,5,16432,81102,72.12,88752,361,100,11,-5844.690647,585254277,146,427,399,13747,14719,2,0,0
A & N ISLANDS,2007,456517,15,19,1,3,0,3,12,9,3,5,0,9,90,112,8,104,17,7,23,1,11,99,1,21,2,18,0,4,337,0,1,54,807,82.04,8249,10,1872.140846,0,-20820.69065,2535268.916,5,9,90,112,216,2.485473148,13.58707297,6.617633184
CHANDIGARH,2007,1029935,19,26,8,22,0,22,52,46,6,2,0,37,191,1740,853,887,79,38,170,2,9,78,1,32,11,112,0,15,999,0,0,224,3643,83.3,114,53,115,0,-17108.69065,-126076842.2,2,37,191,1740,1970,2.308619559,-0.478912279,0.285545735
D & N HAVELI,2007,241242,10,2,0,7,0,7,9,6,3,1,0,3,28,87,19,68,39,17,10,1,10,25,0,0,0,3,0,12,161,0,3,16,425,72.63,491,11,11,0,-468.6906475,-75995636.95,1,3,28,87,119,2.823858938,-0.032827082,0.191415497
DAMAN & DIU,2007,175886,12,7,0,1,0,1,1,1,0,3,1,2,46,43,28,15,31,5,6,6,3,20,1,0,0,3,0,32,37,0,3,6,260,93.18,112,3,14,0,-23060.69065,-277234643.8,3,2,46,43,94,2.588046541,-1.015642288,0.626618546
LAKSHADWEEP,2007,67655,0,2,0,1,0,1,0,0,0,0,0,0,2,20,2,18,1,0,0,0,0,0,0,2,0,2,0,0,26,0,1,5,56,88.02,32,0,0,0,-17412.69065,-228167718.4,0,0,2,20,22,2.621465934,-0.759885924,0.514256721
PUDUCHERRY,2007,1066029,34,42,2,9,0,9,20,14,6,1,2,8,86,787,498,289,145,6,45,1,18,904,2,89,32,17,0,267,2537,25,0,163,5054,82.41,479,23,62,0,-11988.69065,-135606850.7,1,8,86,787,882,2.644897689,-0.62636142,0.346641303
ANDHRA PRADESH,2008,87064434,2690,1942,165,1257,0,1257,1970,1396,574,110,11,623,8332,25362,7297,18065,1930,990,8393,379,1021,48167,556,4730,3551,10306,0,12861,43929,3998,750,21796,179275,71.26,275045,1321,1516,30,18731.30935,1102809026,110,623,8332,25362,34427,0,0,0
ARUNACHAL PRADESH,2008,1253428,72,37,2,42,0,42,79,47,32,14,0,79,245,445,60,385,18,43,28,1,10,479,0,72,1,13,0,104,590,0,63,175,2374,72.57,83743,24,85,0,13099.30935,38615078.31,14,79,245,445,783,0,0,0
ASSAM,2008,29135569,1426,417,71,1438,0,1438,2239,1789,450,312,74,568,3147,8012,2101,5911,2600,680,996,91,443,6107,103,1272,2,3478,0,2259,17598,104,130,8082,53333,86.57,78438,183,642,4,2347.309353,317309872.3,312,568,3147,8012,12039,5,0,0
BIHAR,2008,91469847,3139,2954,386,1302,0,1302,3047,1789,1258,686,60,1592,3414,13206,2675,10531,8099,1352,2741,69,772,16644,1210,999,21,1992,22,4592,54370,3617,99,7335,122669,65.67,94163,766,1163,38,2347.309353,677578514.4,686,1592,3414,13206,18898,0,0,0
CHHATTISGARH,2008,23018591,1169,736,18,978,0,978,273,216,57,124,17,500,4112,6079,2122,3957,1144,169,562,71,302,8565,106,1621,125,897,0,2800,21074,384,424,3943,51442,76.94,135191,1167,2836,39,354603.3094,3461743649,124,500,4112,6079,10815,233,1,8
GOA,2008,1521706,49,25,11,30,0,30,36,28,8,3,0,23,302,601,238,363,102,47,105,22,27,185,2,32,12,12,0,230,886,4,1,116,2742,84.01,3702,80,66,0,929,72819671,3,23,302,601,929,2.329662196,-0.87462811,0.254696285
GUJARAT,2008,55144715,1106,487,35,374,0,374,1323,1119,204,256,14,1322,5053,20715,9947,10768,1809,1167,1167,190,363,10897,27,828,122,6094,0,4934,65525,1231,223,8564,123808,81.91,196024,1074,2142,50,-14036.69065,933055016.3,256,1322,5053,20715,27346,6,6,0
HARYANA,2008,24141996,921,616,92,631,0,631,854,644,210,120,257,555,4249,12709,7674,5035,1184,763,1150,40,139,4504,302,435,605,2435,0,1323,21460,341,0,5052,55344,74.18,44212,269,1524,29,2347.309353,661227601.6,120,555,4249,12709,17633,0,0,0
HIMACHAL PRADESH,2008,6817502,129,59,5,157,0,157,151,137,14,6,0,20,885,1152,332,820,627,137,248,11,127,1258,3,295,41,343,0,485,7837,71,0,976,13976,80.43,55673,205,162,1,-2772.690647,-99614518.38,6,20,885,1152,2063,0,0,0
JAMMU & KASHMIR,2008,11093300,237,570,31,219,0,219,704,656,48,3,0,67,1347,2198,689,1509,1782,87,392,23,230,273,21,935,296,162,0,293,10734,0,0,2289,20604,65.9,222236,10,11,27,47403.30935,321758910.9,3,67,1347,2198,3615,0,0,0
JHARKHAND,2008,29829238,1697,1061,112,791,0,791,792,499,293,416,50,761,1375,7269,2165,5104,2576,269,900,24,164,2826,266,271,23,851,39,1310,14843,598,231,2740,38686,69.66,74677,71,478,42,10539.30935,436197782.1,416,761,1375,7269,9821,4.304810033,1.612698081,1.223444528
KARNATAKA,2008,59723561,1698,1475,81,446,0,446,758,405,353,270,248,1615,6258,17820,8960,8860,6013,424,3669,118,265,19159,259,1954,44,2638,1,572,61755,2392,400,5747,127540,76.49,191791,388,470,23,35115.30935,1037769312,270,1615,6258,17820,25963,2,0,0
KERALA,2008,33501597,362,434,95,568,0,568,253,166,87,91,267,816,3882,5818,1981,3837,8057,435,3659,46,389,19178,31,2745,258,4138,0,37,59061,519,106,7906,110620,92.26,38852,549,719,8,-14036.69065,49013925.32,91,816,3882,5818,10607,2,0,0
MADHYA PRADESH,2008,67471784,2322,2282,204,2937,0,2937,929,736,193,160,124,2234,11072,24583,10533,14050,2768,570,1368,47,898,36344,805,6445,758,3185,0,6008,100513,2965,1071,14866,206556,68.85,308245,4259,6325,23,35115.30935,1579754999,160,2234,11072,24583,38049,11.75715014,-1.875993162,1.537799735
MAHARASHTRA,2008,107689875,2795,1837,111,1558,0,1558,1379,998,381,811,274,3031,16004,52860,16900,35960,9388,1880,7296,405,1288,29742,390,3619,1091,7829,0,12472,50183,1192,268,15485,206243,82.51,307713,2709,6580,87,72706,5157062253,811,3031,16004,52860,72706,3,3,0
MANIPUR,2008,2644609,187,498,4,38,0,38,176,87,89,1,212,7,76,446,223,223,48,24,161,3,41,301,1,57,0,28,0,2,1038,0,1,211,3349,80.96,22327,89,0,1,-10196.69065,-163011794.6,1,7,76,446,530,0,0,0
MEGHALAYA,2008,2584434,126,55,6,88,0,88,56,25,31,63,0,65,168,669,137,532,8,32,104,10,28,204,2,54,4,32,0,64,480,0,0,205,2318,70.89,22429,62,131,3,299.3093525,-39670757.86,63,65,168,669,965,0,0,0
MIZORAM,2008,958060,35,10,6,77,0,77,9,1,8,4,0,6,338,747,27,720,1,34,57,15,18,118,0,78,0,5,0,53,378,0,0,161,1989,88.49,21081,22,59,4,-20180.69065,-230971313.8,4,6,338,747,1095,0,0,0
NAGALAND,2008,2222580,143,47,13,19,0,19,44,7,37,6,0,87,127,345,182,163,4,16,31,4,14,46,0,15,1,4,0,44,192,0,0,46,1202,70.2,16579,3,0,0,1323.309353,-47666954.35,6,87,127,345,565,0,0,0
ODISHA,2008,41595708,1250,1415,84,1113,0,1113,908,762,146,305,67,1345,3100,7419,1975,5444,2721,342,1244,26,869,7013,401,2782,282,1618,0,3535,18916,1836,508,6958,56755,76.38,155707,141,754,15,12169,480069320,305,1345,3100,7419,12169,0,0,0
PUNJAB,2008,26859458,769,956,146,517,0,517,718,514,204,40,122,167,2621,5563,2182,3381,1,236,3192,78,75,5597,128,388,49,984,0,2845,10122,101,0,2580,35314,76.42,50362,389,102,89,2347.309353,86663125.26,40,167,2621,5563,8391,3.787630077,3.365826405,2.13135745
RAJASTHAN,2008,62203866,1297,1649,54,1355,0,1355,2358,1863,495,64,77,829,4736,20411,9857,10554,1390,737,12097,51,615,21117,439,2520,19,8113,0,7322,63924,4302,1038,14309,151174,64.82,342239,1223,2214,48,51499.30935,1402795468,64,829,4736,20411,26040,8.478861322,1.895780571,0.349477479
SIKKIM,2008,603951,9,7,3,20,0,20,4,4,0,1,0,7,81,127,9,118,17,6,46,0,23,100,0,19,0,5,0,40,215,17,12,48,730,74.87,7096,24,33,0,216,9093796,1,7,81,127,216,2.397306525,-0.647242672,0.025371348
TAMIL NADU,2008,70299260,1759,2327,28,573,0,573,1375,1160,215,100,66,662,3849,15019,3722,11297,2811,231,2349,599,610,20529,207,1705,974,1648,0,12328,107084,1618,14,6267,176833,81.03,130060,666,984,46,-14036.69065,520724482.3,100,662,3849,15019,19630,4.838560164,0.002514847,0.153629242
TRIPURA,2008,3499008,155,53,2,204,0,204,146,110,36,13,3,95,218,499,43,456,197,42,92,23,47,924,16,346,4,735,0,195,1327,4,14,1415,5336,83.65,10486,163,43,2,-10964.69065,-161938133.7,13,95,218,499,825,2.771045471,-0.193150828,0.496799186
UTTAR PRADESH,2008,190386511,4564,4233,1493,1871,0,1871,5428,4439,989,313,76,2097,5418,25946,12064,13882,4381,4296,9327,420,228,11683,2237,2955,3374,8312,0,10102,60242,8009,9,23188,168996,70.66,240928,4078,328,118,18731.30935,953329524.9,313,2097,5418,25946,33774,1,3,0
UTTARAKHAND,2008,9124245,223,217,40,87,0,87,247,222,25,16,2,144,423,1622,726,896,509,171,463,31,15,937,73,120,306,340,0,590,2280,42,0,1148,8856,76.24,53566,38,122,6,5419.309353,49532387.96,16,144,423,1622,2205,3.782523074,0.221046389,0.30951157
WEST BENGAL,2008,87363895,1811,1732,488,2263,0,2263,2332,1907,425,184,1055,613,462,17334,2593,14741,5425,876,2938,148,150,9033,451,2396,94,13663,5,3789,38177,19,17,20779,105419,72.7,88752,513,660,16,18593,556054907,184,613,462,17334,18593,0,0,0
A & N ISLANDS,2008,474389,8,11,2,12,0,12,17,13,4,0,0,14,78,128,11,117,16,12,19,1,15,107,2,24,3,26,0,4,383,0,3,80,882,82.17,8249,47,1872.140274,1,-20948.69065,-521881.4648,0,14,78,128,220,2.447088981,13.6526588,6.660695656
CHANDIGARH,2008,1052361,17,28,6,20,0,20,50,42,8,1,4,23,257,1991,1094,897,85,37,213,0,2,73,3,19,2,49,0,11,1040,2,0,135,3931,83.53,114,66,157,0,2272,99265514,1,23,257,1991,2272,0,0,0
D & N HAVELI,2008,244779,9,2,0,6,0,6,17,11,6,1,0,0,49,54,18,36,24,10,24,1,6,26,0,4,0,4,0,10,154,1,10,25,401,75.13,491,17,22,0,104,11846843,1,0,49,54,104,2.255892734,-0.698172788,0.025920995
DAMAN & DIU,2008,178997,2,2,0,0,0,0,4,1,3,2,0,4,45,49,31,18,35,4,2,1,3,12,0,2,1,5,0,39,36,0,0,9,248,95.68,112,4,11,0,-25876.69065,-301887304.6,2,4,45,49,100,2.542785517,-1.114766249,0.675887981
LAKSHADWEEP,2008,68960,1,0,0,2,0,2,1,1,0,0,0,0,3,8,1,7,12,0,0,0,2,12,0,0,0,1,0,0,53,0,0,4,95,88.25,32,0,0,0,-17644.69065,-230918133.7,0,0,3,8,11,2.620850031,-0.767531781,0.520698988
PUDUCHERRY,2008,1082148,35,35,3,8,0,8,17,9,8,10,3,10,90,688,443,245,165,13,53,2,9,873,2,65,21,12,0,207,2668,29,0,117,4989,82.6,479,26,51,0,-11988.69065,-143643796,10,10,90,688,798,2.66189838,-0.645608152,0.356036485
ANDHRA PRADESH,2009,88666901,2449,1859,134,1188,0,1188,1958,1526,432,102,27,544,7772,24692,7804,16888,2261,904,8528,461,1039,44488,546,5147,3520,11297,0,13438,48087,4504,830,23224,180441,72.55,275045,1719,1540,50,18731.30935,1038458475,102,544,7772,24692,33110,0,0,0
ARUNACHAL PRADESH,2009,1277053,59,33,5,59,0,59,62,28,34,20,0,55,201,381,109,272,52,38,29,8,28,526,0,58,6,13,0,110,619,0,21,164,2362,75.17,83743,33,139,0,9515.309353,8559536.55,20,55,201,381,657,0,0,0
ASSAM,2009,29502947,1323,417,35,1631,0,1631,2718,2092,626,251,21,680,3149,7644,1713,5931,1808,802,1098,84,476,6547,170,1342,10,4398,1,2735,17973,0,9,9644,55313,89.9,78438,384.5969727,555,4,133419.3094,1442600294,251,680,3149,7644,11724,96,0,0
BIHAR,2009,92712901,3152,3068,243,929,0,929,3222,1986,1236,654,64,1619,3566,15221,3674,11547,8554,1186,2676,69,685,14746,1295,726,12,2532,31,4516,54165,3836,67,7511,122931,68.34,94163,1016,980,28,18731.30935,879749093.2,654,1619,3566,15221,21060,9,5,4
CHHATTISGARH,2009,23364374,1083,732,19,976,0,976,286,229,57,134,16,554,3975,5792,2181,3611,957,166,682,68,335,9543,128,1598,152,893,0,2735,20546,284,376,3976,51370,78.7,135191,1321,2860,103,182571.3094,1930034921,134,554,3975,5792,10455,67,67,54
GOA,2009,1548721,53,24,11,47,0,47,33,22,11,4,0,30,294,858,336,522,50,52,132,27,24,191,3,37,10,21,0,220,884,3,0,140,3005,84.3,3702,92,76,1,-13012.69065,-155591923.8,4,30,294,858,1186,2.714368205,-0.619925803,0.385813825
GUJARAT,2009,55792963,1020,468,30,433,0,433,1348,1162,186,246,11,1420,4488,19669,11130,8539,1539,1256,1014,238,240,9456,24,727,114,5506,0,5178,60758,1182,195,7966,115183,83.74,196024,968,1870,49,2347.309353,1034238803,246,1420,4488,19669,25823,2,0,0
HARYANA,2009,24597824,948,690,78,603,0,603,916,659,257,153,297,679,4077,12917,8449,4468,1166,827,1406,35,153,3977,281,451,605,2617,0,1549,21804,303,0,5216,56229,75.08,44212,353,1190,45,-14036.69065,490314565.5,153,679,4077,12917,17826,0,0,0
HIMACHAL PRADESH,2009,6933560,125,73,13,183,0,183,150,122,28,4,0,21,784,823,327,496,591,117,264,2,124,1230,1,318,37,284,0,616,7555,88,1,945,13315,81,55673,221,162,1,-1748.690647,-105372633.7,4,21,784,823,1632,0,0,0
JAMMU & KASHMIR,2009,11245253,237,547,23,237,0,237,873,825,48,1,0,69,1566,2631,876,1755,1472,132,475,37,217,331,12,972,371,196,0,517,11059,1,0,2613,21975,67.38,222236,18,10,20,45355.30935,316973165.1,1,69,1566,2631,4267,0,0,0
JHARKHAND,2009,30257439,1636,1274,104,719,0,719,827,517,310,412,53,780,1392,7716,2990,4726,2312,473,910,15,203,4132,295,276,83,710,6,1678,11430,631,182,2606,37436,71.96,74677,60,728,53,2347.309353,425632192.5,412,780,1392,7716,10300,3.523820301,2.594976587,1.668769809
KARNATAKA,2009,60776921,1702,1607,79,509,0,509,892,408,484,273,346,1825,6629,20576,11093,9483,6269,461,5079,171,293,20105,264,2186,64,3185,2,417,61108,2174,272,6618,134042,77.98,191791,308,252,21,2347.309353,885915060.7,273,1825,6629,20576,29303,0,0,0
KERALA,2009,33735007,343,408,100,568,0,568,256,173,83,112,266,830,3554,5564,2029,3535,8086,354,3394,66,503,18274,20,2540,395,4007,0,41,68688,467,102,7703,118369,92.46,38852,587,677,13,-22228.69065,-32621240.79,112,830,3554,5564,10060,1,1,0
MADHYA PRADESH,2009,68513643,2386,2212,117,2998,1,2997,1036,841,195,117,156,2270,10661,23260,10705,12555,2409,575,1830,27,741,37132,858,6307,728,3983,1,6591,101367,3040,1135,15716,207762,69.58,308245,4646,5174,29,2347.309353,1038473229,117,2270,10661,23260,36308,9.987838517,1.916557659,1.62166838
MAHARASHTRA,2009,109291221,2653,1880,98,1483,0,1483,1286,926,360,780,287,3314,15841,50930,18133,32797,8030,1895,7976,478,1105,28326,341,3196,1099,7681,0,12459,48460,1096,224,14726,199598,83.32,307713,2894,6465,152,-128724.6906,1600778229,780,3314,15841,50930,70865,6,6,0
MANIPUR,2009,2695109,131,478,2,31,0,31,159,97,62,1,188,3,68,394,283,111,48,20,96,1,81,224,0,39,2,25,0,0,861,0,0,194,2852,82.46,22327,72,0,1,-12244.69065,-182041371.4,1,3,68,394,466,0,0,0
MEGHALAYA,2009,2624104,128,39,12,112,0,112,56,26,30,64,1,67,147,545,180,365,18,26,113,9,54,207,0,72,1,24,1,72,680,0,0,236,2448,72.08,22429,83,87,1,299.3093525,-53699773.1,64,67,147,545,823,0,0,0
MIZORAM,2009,968913,31,14,8,83,1,82,9,0,9,2,0,4,381,761,77,684,1,30,61,9,24,120,0,61,1,4,0,36,407,0,0,149,2047,88.49,21081,14,19,0,-13012.69065,-173202261.3,2,4,381,761,1148,3.158802078,-0.806965196,0.403025087
NAGALAND,2009,2258087,46,35,7,22,0,22,52,10,42,8,0,92,82,347,69,278,4,6,33,3,4,38,0,11,0,0,0,34,235,0,0,43,1059,70.71,16579,0,14,0,299.3093525,-51722468.91,8,92,82,347,529,0,0,0
ODISHA,2009,42302794,1250,1231,48,1023,0,1023,930,799,131,380,63,1488,2937,7136,2521,4615,1718,258,1137,34,413,6816,384,2697,210,2047,1,2979,20560,1709,552,7161,55740,78.28,155707,194,464,25,26923.30935,546415921.8,380,1488,2937,7136,11941,6,0,0
PUNJAB,2009,27233507,853,1014,129,511,0,511,692,513,179,38,96,171,2507,5624,2713,2911,8,234,3098,63,101,5498,126,319,33,1061,0,3289,10080,108,0,2563,35545,77.38,50362,729,200,66,-1748.690647,34887454.22,38,171,2507,5624,8340,3.824347936,2.206579233,1.652768194
RAJASTHAN,2009,63024553,1395,1673,80,1519,0,1519,2870,2310,560,53,57,886,5294,22144,12156,9988,1145,842,15037,59,556,21652,436,2485,24,10371,0,7898,70089,4985,1183,17145,166565,65.45,342239,1407,2298,38,51499.30935,1469853571,53,886,5294,22144,28377,9.903128323,-0.259676269,-0.039970456
SIKKIM,2009,613843,19,7,3,18,0,18,6,6,0,0,0,4,93,62,8,54,39,4,12,2,9,91,0,10,0,6,0,59,225,16,14,40,669,75.73,7096,40,60,2,-2260.690647,-95224847.53,0,4,93,62,159,2.943003536,-0.054284014,0.360030318
TAMIL NADU,2009,71484288,1776,2325,26,596,0,596,1372,1133,239,97,34,1144,4221,15712,4973,10739,2397,215,2557,352,580,18147,194,1242,501,1460,0,13528,106215,1312,22,5126,174691,82.11,130060,634,1430,80,-14036.69065,664061472.2,97,1144,4221,15712,21174,0,0,0
TRIPURA,2009,3542715,133,59,2,190,0,190,121,92,29,7,0,77,231,415,39,376,178,52,110,20,62,1047,29,384,5,815,0,225,1324,7,27,1515,5486,85.15,10486,163,87,2,-11988.69065,-171756918.6,7,77,231,415,730,2.852091081,-0.378551719,0.563286057
UTTAR PRADESH,2009,194140928,4534,4141,1439,1759,0,1759,6083,5078,1005,365,59,2285,5260,29226,16109,13117,4263,3917,8845,339,254,10934,2232,2782,2524,8566,0,12159,60918,7522,4,22941,172884,72.56,240928,3085,438,115,35115.30935,1438745613,365,2285,5260,29226,37136,2.838281409,6.987657572,1.036946002
UTTARAKHAND,2009,9217604,195,185,51,111,0,111,275,247,28,35,7,179,363,1601,735,866,466,156,544,43,17,1198,94,119,249,361,0,685,1868,58,0,1181,8802,76.9,53566,33,180,18,3371.309353,43633173.71,35,179,363,1601,2178,3.698819119,0.667335163,0.743469956
WEST BENGAL,2009,88336987,2068,2119,931,2336,0,2336,2750,2187,563,214,724,751,329,17133,3709,13424,6700,918,3298,153,344,11196,506,1942,108,16112,5,3623,38776,21,16,23196,113036,73.28,88752,484,160,22,-14036.69065,729087259.8,214,751,329,17133,18427,0,0,0
A & N ISLANDS,2009,492605,15,4,4,18,0,18,16,14,2,0,0,11,86,134,10,124,11,7,20,2,12,89,1,30,7,21,0,2,451,0,2,91,941,82.29,8249,41,1872.139479,0,-21076.69065,-1298389.529,0,11,86,134,231,2.459101903,13.58936756,6.626486281
CHANDIGARH,2009,1075059,22,18,8,29,0,29,40,36,4,4,3,27,241,1731,1117,614,66,38,193,4,4,63,2,26,2,51,0,7,976,0,0,146,3555,83.75,114,71,134,5,-22228.69065,-175511567.2,4,27,241,1731,2003,0,0,0
D & N HAVELI,2009,248338,10,5,1,4,0,4,12,9,3,9,0,2,43,63,21,42,53,17,20,1,5,23,0,2,1,3,0,17,151,1,16,19,442,77.63,491,11,26,0,-5780.690647,-123574188.9,9,2,43,63,117,2.788378313,-0.285428934,0.318039232
DAMAN & DIU,2009,182155,5,4,1,1,0,1,0,0,0,0,0,4,33,41,27,14,29,8,4,3,3,14,0,4,1,3,0,40,78,2,0,9,276,98.18,112,2,2,0,-28692.69065,-327432533.9,0,4,33,41,78,2.504321048,-1.230159471,0.721497723
LAKSHADWEEP,2009,70304,0,1,0,1,0,1,0,0,0,3,0,0,1,10,5,5,44,0,0,0,2,14,0,0,0,0,0,0,58,0,0,1,134,88.48,32,0,0,0,-17876.69065,-233016573.2,3,0,1,10,14,2.619593195,-0.781471511,0.529876045
PUDUCHERRY,2009,1098503,37,25,5,1,0,1,18,13,5,7,5,9,71,711,502,209,141,7,47,5,11,901,0,53,16,10,0,233,2278,29,0,93,4591,82.8,479,21,79,0,-13012.69065,-145929889.6,7,9,71,711,798,2.662138442,-0.693569213,0.372553964
ANDHRA PRADESH,2010,90282867,2538,1953,155,1362,0,1362,2053,1531,522,134,2,550,8200,26756,7422,19334,2231,1130,9164,186,925,46777,588,4634,4562,12080,0,14085,41373,4321,807,24757,181438,73.84,275045,1823,1863,46,35115.30935,1307974199,134,550,8200,26756,35640,0,0,0
ARUNACHAL PRADESH,2010,1301020,75,34,3,47,0,47,67,46,21,15,0,69,211,445,139,306,31,59,91,0,28,439,0,84,1,12,0,106,622,0,54,190,2439,77.77,83743,20,81,0,6443.309353,-19862387.98,15,69,211,445,740,0,0,0
ASSAM,2010,29873851,1223,431,46,1721,5,1716,3250,2767,483,248,12,662,3458,7860,2124,5736,2183,992,1371,68,437,5744,175,1400,20,5410,0,2847,22110,7,3,11493,61668,93.23,78438,197,383,13,-5844.690647,200643583.1,248,662,3458,7860,12228,5,0,0
BIHAR,2010,93964050,3362,2915,344,795,0,795,3674,2569,1105,644,46,1538,3437,15544,4257,11287,8809,1071,3025,52,660,15328,1257,534,16,2271,8,5615,56508,3516,71,7450,127453,71.01,94163,1843,693,15,18731.30935,758171295,644,1538,3437,15544,21163,9,5,4
CHHATTISGARH,2010,23715086,1065,756,30,1012,0,1012,359,279,80,122,15,552,3711,5805,2139,3666,1092,196,813,59,319,10188,115,1706,182,861,2,2907,23091,271,386,4157,54958,80.45,135191,1463,2128,82,-5844.690647,138650927,122,552,3711,5805,10190,0,0,0
GOA,2010,1576280,35,27,3,36,0,36,25,18,7,2,0,39,368,1034,359,675,64,57,117,33,23,177,1,36,16,17,0,256,927,1,0,124,3293,84.59,3702,79,76,0,-18132.69065,-191829256.6,2,39,368,1034,1443,1,0,0
GUJARAT,2010,56440178,1048,462,44,408,0,408,1447,1290,157,186,18,1384,4071,16794,9817,6977,1623,1214,1002,255,260,10131,19,668,110,5600,0,5907,63788,1008,155,8095,116439,85.56,196024,1006,1688,57,2347.309353,866837568.2,186,1384,4071,16794,22435,8,2,0
HARYANA,2010,25061016,1005,836,63,720,0,720,963,714,249,147,248,734,4445,16266,11299,4967,1414,919,1662,29,221,3733,284,476,580,2720,0,1595,20060,380,0,5494,59120,75.98,44212,303,836,26,-14036.69065,622505878.9,147,734,4445,16266,21592,1,1,0
HIMACHAL PRADESH,2010,7052334,132,74,12,160,0,160,194,162,32,2,0,11,743,838,334,504,615,110,318,4,127,1374,2,350,78,275,0,610,7020,101,2,1027,13049,81.56,55673,246,206,5,-4820.690647,-128001318.6,2,11,743,838,1594,0,0,0
JAMMU & KASHMIR,2010,11401351,217,711,26,245,0,245,896,840,56,6,0,61,1406,2510,967,1543,2169,150,422,19,224,278,9,1038,262,211,0,494,11869,1,0,2605,23223,68.86,222236,17,27,25,43307.30935,300533089.9,6,61,1406,2510,3983,0,0,0
JHARKHAND,2010,30689605,1689,1028,82,773,0,773,978,696,282,335,19,709,1357,7090,2709,4381,2447,505,988,16,185,4271,276,245,16,650,8,1745,13477,577,234,2664,38889,74.26,74677,54,96,55,6443.309353,339777513.8,335,709,1357,7090,9491,3.402346842,2.645357683,1.241793221
KARNATAKA,2010,61843534,1805,1850,94,586,0,586,1374,586,788,272,300,1949,6059,20093,10840,9253,7710,464,5543,192,286,21835,248,2544,83,3441,0,471,65123,2505,294,7488,142322,79.47,191791,409,180,22,18731.30935,1025166071,272,1949,6059,20093,28373,0,0,0
KERALA,2010,33967620,363,361,86,634,0,634,261,184,77,74,221,636,2682,4380,1486,2894,8724,343,3581,54,374,18532,22,2936,537,4797,0,47,98668,583,88,9110,148313,92.66,38863,596,801,5,-22228.69065,-60259060.22,74,636,2682,4380,7772,0,0,0
MADHYA PRADESH,2010,69561812,2423,2277,123,3135,0,3135,1187,1030,157,110,110,1919,9897,21577,11353,10224,2606,507,1779,33,748,39193,892,6646,918,3756,5,7038,107390,3374,1384,16382,214269,70.31,308245,4912,6028,31,18731.30935,1172063550,110,1919,9897,21577,33503,10.43743737,-0.138142937,2.466085294
MAHARASHTRA,2010,110911542,2744,1926,152,1599,0,1599,1508,1124,384,778,285,3721,16617,52565,18676,33889,8412,1948,8684,389,1229,29696,393,3661,1180,7434,0,13508,49739,1132,292,15391,208168,84.13,307713,3264,5884,97,-63188.69065,2163866669,778,3721,16617,52565,73681,1,0,0
MANIPUR,2010,2746055,92,258,1,34,0,34,199,107,92,0,196,2,66,417,254,163,65,24,59,7,86,227,0,31,0,18,0,1,932,0,0,190,2715,83.95,22327,73,0,1,-14292.69065,-198902705,0,2,66,417,485,0,0,0
MEGHALAYA,2010,2664207,134,60,8,149,0,149,71,37,34,42,1,67,166,664,152,512,7,37,98,4,52,154,0,48,0,24,0,53,666,0,0,258,2505,73.27,22429,110,110,0,-1748.690647,-64153901.01,42,67,166,664,939,0,0,0
MIZORAM,2010,979999,48,27,7,92,0,92,9,0,9,3,0,16,425,823,69,754,0,25,79,12,15,116,0,75,0,3,0,44,355,0,0,170,2174,88.49,21081,50,76,1,-13012.69065,-166857027,3,16,425,823,1267,3.181468106,-0.734509035,0.491616194
NAGALAND,2010,2294197,45,35,13,16,0,16,50,6,44,3,0,63,62,397,80,317,2,13,39,3,1,36,0,13,3,1,0,22,242,0,0,39,1059,71.23,16579,10,46,0,-468.6906475,-54663638.44,3,63,62,397,525,0,0,0
ODISHA,2010,43015702,1308,1436,31,1025,0,1025,1016,912,104,346,117,1491,2855,7572,2627,4945,1779,322,1108,29,430,7181,388,2905,232,2067,5,3450,19366,1710,556,7534,56459,80.18,155707,194,527,12,18731.30935,515031282.8,346,1491,2855,7572,12264,5,1,0
PUNJAB,2010,27611548,907,994,120,546,0,546,789,576,213,65,143,241,2661,5446,2467,2979,0,243,3527,75,101,4873,121,349,38,1163,0,3350,10896,115,0,2793,36648,78.35,50362,627,226,110,-14036.69065,-71707699.98,65,241,2661,5446,8413,2.715797506,6.043176208,3.216502742
RAJASTHAN,2010,63846695,1421,1557,104,1571,0,1571,2985,2477,508,37,84,872,4714,22324,13245,9079,986,789,16584,36,478,19247,462,2339,23,11145,0,7978,67221,4979,1319,18017,162957,66.08,342239,1318,2223,44,51499.30935,1506473377,37,872,4714,22324,27947,9.704725542,-0.703466781,0.005859788
SIKKIM,2010,623967,17,6,2,18,0,18,6,6,0,1,0,7,72,53,8,45,4,1,20,3,7,73,1,11,0,3,0,47,200,3,1,39,552,76.6,7096,29,66,1,-3284.690647,-101272577.8,1,7,72,53,133,2.941183979,-0.148990509,0.35430127
TAMIL NADU,2010,72682776,1875,2641,32,686,0,686,1720,1464,256,85,12,1817,4715,14583,5045,9538,2664,177,3259,312,636,21309,165,1405,638,1570,0,14644,110733,1631,33,5928,185678,83.19,130058,810,1091,67,-14036.69065,596267616.7,85,1817,4715,14583,21200,4.446782725,3.34458774,0.679156556
TRIPURA,2010,3586662,150,63,8,238,0,238,114,91,23,16,2,65,221,457,64,393,163,53,122,6,51,1136,25,376,9,937,0,237,1356,11,35,1676,5805,86.64,10486,227,45,2,-13524.69065,-198155421.8,16,65,221,457,759,2.786087009,-0.414846287,0.606556782
UTTAR PRADESH,2010,197975303,4401,4004,1401,1563,1,1562,6321,5468,853,337,48,2577,4915,31153,18216,12937,4186,3817,9553,426,170,10336,2217,2793,11,7978,0,14472,61500,6272,0,20030,174179,74.46,240928,2332,781,105,35115.30935,1736391682,337,2577,4915,31153,38982,6,5,0
UTTARAKHAND,2010,9311652,176,219,60,121,0,121,286,249,37,12,2,162,310,2138,871,1267,458,167,567,33,17,974,75,125,165,334,0,738,2101,35,0,1069,9240,77.56,53566,31,148,15,299.3093525,44349818.14,12,162,310,2138,2622,3.375520932,0.678677243,0.559691177
WEST BENGAL,2010,89299017,2398,2111,630,2311,0,2311,3345,2764,581,288,687,798,388,19389,4123,15266,6809,1011,3260,214,331,12764,507,2465,163,17796,8,2847,49096,63,47,26014,129616,73.86,88752,880,277,25,-14036.69065,819051283,288,798,388,19389,20863,1,0,0
A & N ISLANDS,2010,511170,9,7,4,24,0,24,10,8,2,1,0,7,80,121,22,99,11,10,56,0,12,80,0,31,10,9,0,9,489,0,1,82,980,82.42,8249,51,1872.14117,1,-21460.69065,-6949846.965,1,7,80,121,209,2.448959237,13.62813285,6.669925999
CHANDIGARH,2010,1098033,21,30,9,31,0,31,38,28,10,5,6,67,236,1481,898,583,65,23,163,3,9,65,5,29,4,41,0,6,1036,0,0,138,3373,83.98,114,59,166,0,-16084.69065,-123526571.9,5,67,236,1481,1789,2.485574618,-0.676182418,0.330934867
D & N HAVELI,2010,251919,6,0,1,3,0,3,18,10,8,2,0,3,25,63,34,29,44,12,18,1,2,11,0,11,2,3,0,20,133,0,2,29,378,80.13,491,13,19,0,-8660.690647,-148600422.4,2,3,25,63,93,2.738577443,-0.393793622,0.36039477
DAMAN & DIU,2010,185362,5,2,1,1,0,1,2,2,0,6,0,0,27,47,29,18,11,4,5,0,0,12,0,2,0,3,0,38,37,0,0,8,203,194.4540865,112,2,9,0,91179.30935,1767770158,6,0,27,47,80,22.13705978,4465.589534,1614.249935
LAKSHADWEEP,2010,71687,0,0,0,0,0,0,0,0,0,0,0,0,5,5,0,5,3,0,0,0,2,1,0,0,0,0,0,0,26,0,0,0,42,88.7,32,0,0,0,-18124.69065,-235408864.5,0,0,5,5,10,2.61723528,-0.788407731,0.530288116
PUDUCHERRY,2010,1115085,33,19,16,3,0,3,17,14,3,2,10,5,72,534,384,150,131,12,77,3,10,806,1,46,22,7,0,242,1867,31,0,93,3935,82.99,479,16,43,0,-12500.69065,-155623715.1,2,5,72,534,613,2.632465493,-0.625970647,0.355159405
ANDHRA PRADESH,2011,91912596,2808,2229,171,1442,0,1442,2154,1612,542,126,7,600,8300,28267,8966,19301,2210,1174,9748,224,1021,54452,599,4849,3658,13376,0,13973,38392,4016,805,25536,189780,67.02,275045,2213,1869.203995,-162.308046,67883.30935,1649248293,126,600,8300,28267,37293,17.28691309,-21.92569682,-8.1251587
ARUNACHAL PRADESH,2011,1325322,65,29,2,42,0,42,93,60,33,13,0,64,183,414,152,262,49,54,74,2,34,379,0,51,0,18,0,98,622,0,34,171,2286,65.38,83743,35,1872.10501,-167.8105721,61739.30935,725535237.4,13,64,183,414,674,14.4215308,-18.81023253,-3.919512222
ASSAM,2011,30248340,1303,504,48,1700,0,1700,3764,3192,572,305,4,837,3327,8309,585,7724,2328,920,1495,60,506,6306,121,1193,8,5246,2,2915,25513,0,2,11462,66714,72.19,78438,236,1871.164425,-165.9049889,43307.30935,894945695.7,305,837,3327,8309,12778,13.76376181,-19.35960452,-5.408675061
BIHAR,2011,95223170,3198,3327,348,934,1,933,4268,3050,1218,556,105,1381,3629,16292,5041,11251,9768,1741,3776,64,705,19391,1413,790,11,2607,10,5877,55705,3623,97,8815,135896,61.8,94163,2233,1870.417626,-164.6428996,51499.30935,1195867718,556,1381,3629,16292,21858,9.83646362,-14.05137574,-5.054326293
CHHATTISGARH,2011,24070759,1110,747,28,1053,0,1053,472,365,107,68,7,470,3548,5315,2292,3023,934,180,980,65,289,11105,104,1654,174,834,2,2856,25223,253,336,4186,57218,70.28,135191,1782,1871.445532,-166.3650234,67883.30935,709170304.7,68,470,3548,5315,9401,15.37798394,-18.10434664,-4.37591978
GOA,2011,1604384,48,22,6,29,0,29,28,17,11,2,0,26,318,1115,463,652,74,45,142,31,24,215,1,29,12,18,0,263,1001,4,1,106,3449,88.7,3702,75,1872.041197,-167.6991823,14635.30935,363546422.5,2,26,318,1115,1461,12.28479376,-20.2999213,-3.623062819
GUJARAT,2011,57086389,1126,478,43,439,0,439,1614,1442,172,221,24,1368,4509,16043,8934,7109,1615,1339,1399,256,263,10159,30,685,93,6052,0,5827,69788,1063,153,8741,123371,78.03,196024,1131,1870.407964,-164.5539255,35115.30935,1113396996,221,1368,4509,16043,22141,15.33603083,-17.66906128,-5.461075823
HARYANA,2011,25531730,1062,851,60,733,0,733,959,733,226,167,176,638,5011,17425,12541,4884,1466,812,1761,18,166,3423,255,474,490,2740,0,1505,20549,408,0,5425,60741,75.55,44212,280,1870.31727,-164.4146792,35115.30935,1238836418,167,638,5011,17425,23241,11.64046028,-18.49482002,-6.275683182
HIMACHAL PRADESH,2011,7173879,130,50,6,168,0,168,212,191,21,1,0,10,995,1042,356,686,530,143,359,4,110,1251,4,331,62,239,0,563,8102,94,4,995,14312,82.8,55673,261,1872.005324,-167.5681301,37163.30935,482967785.1,1,10,995,1042,2048,13.92378408,-20.04836378,-3.785251851
JAMMU & KASHMIR,2011,11561741,169,494,29,277,0,277,1077,1023,54,14,0,88,1516,2655,930,1725,1405,195,612,39,205,246,11,1194,350,286,0,385,13257,1,0,3141,24504,67.16,222236,25,1871.830177,-167.2285266,90411.30935,990304093.4,14,88,1516,2655,4273,18.12925903,-19.05940178,-4.240601365
JHARKHAND,2011,31125719,1747,718,83,784,0,784,941,660,281,309,40,614,1235,6378,1872,4506,2133,447,907,22,138,4403,282,317,7,659,6,1728,11940,636,309,2715,35838,66.41,74677,85,1871.47588,-166.6444873,47403.30935,915651977.5,309,614,1235,6378,8536,13.94730659,-19.6016375,-4.615392012
KARNATAKA,2011,62923535,1820,1837,85,636,0,636,1395,715,680,214,399,2123,6136,19834,10226,9608,7265,440,5850,105,231,21295,267,2608,81,3712,12,750,60505,2481,285,8031,137600,75.36,191791,334,1869.931701,-163.5687311,51499.30935,1578579914,214,2123,6136,19834,28307,14.84195412,-17.52538161,-7.237723186
KERALA,2011,34199435,365,521,105,1132,0,1132,299,221,78,71,245,741,3001,4704,1454,3250,10754,340,5155,56,450,21747,15,3756,573,5377,0,65,112665,761,231,11074,172137,94,38863,1452,1871.511711,-166.5094092,26923.30935,448703924,71,741,3001,4704,8517,13.19749333,-19.90104049,-4.060364742
MADHYA PRADESH,2011,70616363,2511,2340,139,3406,0,3406,1288,1088,200,118,117,1952,10230,22414,11595,10819,2080,557,1860,12,784,35711,811,6665,762,3732,45,7478,112082,3245,1284,16509,217094,69.32,308245,4381,1869.473429,-162.410692,100651.3094,1426499303,118,1952,10230,22414,34714,18.30487258,-16.83384443,-6.822147478
MAHARASHTRA,2011,112551610,2818,2105,144,1701,0,1701,1669,1252,417,773,291,4249,16313,53449,19270,34179,8556,1883,9098,351,1255,29769,339,3794,1071,7136,0,13024,45114,1143,321,15293,204902,82.34,307713,3362,1866.267215,-156.4868035,2347.309353,2316499407,773,4249,16313,53449,74784,15.49296579,-22.1823117,-12.85389279
MANIPUR,2011,2797463,78,245,4,53,0,53,169,116,53,1,154,7,52,719,553,166,70,42,126,12,99,292,1,38,0,39,0,2,1015,0,1,247,3218,79.85,22327,87,1872.092843,-167.811461,28971.30935,470226354.9,1,7,52,719,779,12.7667363,-19.84071149,-3.68153444
MEGHALAYA,2011,2704745,170,51,3,130,0,130,87,37,50,49,0,63,145,696,190,506,8,52,166,13,34,197,1,74,1,21,3,90,701,0,0,267,2755,73.78,22429,104,1872.081211,-167.7750777,37163.30935,537572476,49,63,145,696,953,12.90252149,-19.48574764,-3.766499575
MIZORAM,2011,991322,26,24,8,77,0,77,6,0,6,1,0,6,336,734,39,695,0,21,66,2,19,97,0,72,1,9,0,37,279,0,0,159,1821,91.58,21081,52,1872.073524,-167.7493362,16683.30935,353749435.7,1,6,336,734,1077,12.74455009,-20.35872392,-3.497887974
NAGALAND,2011,2330916,46,43,11,23,0,23,34,3,31,7,0,59,73,360,85,275,1,16,31,5,2,55,0,9,0,1,0,15,292,0,0,36,1083,80.11,16579,20,1872.117368,-167.8431063,28459.30935,460989639.3,7,59,73,360,499,12.75507501,-19.82638455,-3.679823376
ODISHA,2011,43734549,1477,1621,51,1112,0,1112,1139,1008,131,417,84,1583,3031,8724,2986,5738,1556,250,1391,10,423,7894,465,3207,235,2320,0,3778,20509,1455,484,8347,61277,73.45,155707,315,1871.085874,-165.7507601,59691.30935,1120961694,417,1583,3031,8724,13755,14.63180695,-15.99882437,-4.660022325
PUNJAB,2011,27993488,842,997,112,479,0,479,681,517,164,28,143,236,2488,4784,2107,2677,0,281,3571,58,83,4757,143,282,31,1136,0,3576,10175,90,0,2588,34883,75.84,50362,622,1871.577774,-166.7118918,39211.30935,620274822.1,28,236,2488,4784,7536,13.58861758,-19.71921465,-4.64129088
RAJASTHAN,2011,64670084,1461,1566,100,1800,0,1800,3204,2713,491,28,72,727,4510,21099,12566,8533,751,741,17497,56,473,17977,514,2447,9,12218,0,8122,70250,5182,1263,19701,165622,63.82,342239,1491,1870.044959,-164.0482109,100651.3094,1809572115,28,727,4510,21099,26364,19.21751827,-20.83707296,-6.547644199
SIKKIM,2011,634329,14,7,8,16,0,16,10,10,0,0,0,5,60,72,8,64,25,4,31,3,4,75,0,24,0,4,0,57,177,9,8,54,596,80.42,7096,29,1872.146798,-167.895226,26219.30935,422482768.8,0,5,60,72,137,12.58462058,-19.89473025,-3.643128056
TAMIL NADU,2011,73894269,1877,2962,28,677,0,677,1984,1743,241,101,11,2066,4848,13924,4911,9013,3009,238,3872,275,706,21167,152,1467,464,1812,0,16076,115163,1391,23,6315,192879,80.33,130058,925,1870.521923,-164.6499157,35115.30935,1127219747,101,2066,4848,13924,20939,12.76341832,-16.49885134,-6.298892605
TRIPURA,2011,3630854,163,75,0,205,0,205,154,116,38,11,0,50,227,494,59,435,175,54,99,9,58,1340,30,294,9,702,0,14,1640,22,30,1356,5803,81.42,10486,102,1872.096659,-167.7937575,25899.30935,429630078.7,11,50,227,494,782,12.6366466,-19.8955706,-3.659982184
UTTAR PRADESH,2011,201891234,4951,4653,1454,2042,0,2042,8500,7525,975,379,39,3148,5765,36683,21363,15320,5022,3721,9941,270,477,12234,2322,3455,3,7121,0,14380,68575,7702,35,22468,195135,64.68,240928,5500,1868.455738,-161.2110414,2347.309353,1569338015,379,3148,5765,36683,45975,8.676205179,-14.24036244,-7.46498078
UTTARAKHAND,2011,9406398,178,189,54,129,0,129,314,283,31,13,1,179,342,2093,840,1253,401,115,519,26,17,852,83,116,72,307,0,696,2078,32,0,990,8774,79.63,53483,83,1871.945699,-167.5346374,35115.30935,595044890.4,13,179,342,2093,2627,13.23276397,-19.53002813,-3.887577899
WEST BENGAL,2011,90251375,2109,2242,486,2363,0,2363,4285,3711,574,236,939,760,455,21446,4642,16804,6019,1264,4171,207,413,13094,510,2363,200,19772,0,3249,56614,59,41,28919,143197,76.26,88752,1450,1870.257069,-164.8190226,18731.30935,1384360829,236,760,455,21446,22897,9.47235541,-20.39095976,-5.658761779
A & N ISLANDS,2011,530089,14,6,2,13,0,13,15,12,3,1,0,1,99,88,4,84,11,3,32,0,6,81,0,15,3,5,0,6,392,0,7,48,793,86.05,8249,31,1872.143184,-167.8854111,20523.30935,370050290.8,1,1,99,88,189,12.57297175,-20.19975017,-3.536347216
CHANDIGARH,2011,1121291,24,40,6,27,0,27,58,46,12,6,2,68,285,1502,915,587,66,25,255,0,9,45,2,21,12,46,0,7,1036,1,0,154,3542,86.05,114,74,1872.0075,-167.6466883,15659.30935,401601796.2,6,68,285,1502,1861,12.12807115,-20.26487375,-3.761616632
D & N HAVELI,2011,255522,14,2,0,4,0,4,9,8,1,7,0,2,22,69,43,26,20,10,18,2,5,25,0,2,0,3,0,24,134,1,2,17,372,76.24,491,11,1872.14918,-167.9029508,29035.30935,452546562,7,2,22,69,100,12.48295135,-19.72967438,-3.72659478
DAMAN & DIU,2011,188618,6,1,0,1,0,1,3,2,1,4,0,6,31,47,33,14,19,3,10,2,0,11,0,0,0,2,0,43,35,0,0,5,224,87.1,112,3,1872.150379,-167.9037282,16939.30935,346101896.5,4,6,31,47,88,12.34431715,-20.23960171,-3.508310354
LAKSHADWEEP,2011,73112,0,1,0,0,0,0,0,0,0,0,0,0,0,4,0,4,5,1,0,0,3,3,0,0,0,0,0,0,27,0,0,0,44,91.85,32,0,1872.156696,-167.9178473,11695.30935,298969772.3,0,0,0,4,4,12.27811768,-20.46741051,-3.400892531
PUDUCHERRY,2011,1131886,32,22,12,7,0,7,12,9,3,5,10,11,65,707,511,196,125,9,54,4,10,853,1,35,16,10,0,243,2119,18,0,78,4362,87.02,479,15,1872.092434,-167.808764,16171.30935,372861788.2,5,11,65,707,788,12.27541229,-20.38352283,-3.601636216
ANDHRA PRADESH,2012,93556426,2717,2183,158,1341,0,1341,1870,1403,467,131,1,668,8442,27475,8036,19439,1878,1271,11002,260,980,56768,504,4816,3714,13389,0,13929,39025,3057,666,25167,192522,194.3121289,424173.8289,2274,1869.256258,-162.3721892,2347.309353,1112524837,131,668,8442,27475,36716,11.52981069,601.8456183,216.4550402
ARUNACHAL PRADESH,2012,1349955,73,29,1,46,0,46,82,58,24,20,0,65,215,402,95,307,28,55,85,1,33,438,1,67,2,26,0,94,657,0,10,200,2420,194.3121222,424173.9699,39,1872.100545,-167.809914,702,55525053,20,65,215,402,702,12.42143871,638.5971045,232.9148097
ASSAM,2012,30626470,1368,670,54,1716,0,1716,3812,3360,452,266,7,907,3825,9394,2720,6674,5077,1278,1705,61,2830,6676,140,1840,5,6407,2,2565,27077,4,0,13470,77682,194.3121289,424173.8222,392,1871.039658,-165.6551205,10539.30935,655897355.1,266,907,3825,9394,14392,14.49948606,622.4784059,226.2633387
BIHAR,2012,96490282,3566,5452,285,927,0,927,4807,3789,1018,540,54,1266,3758,17667,6404,11263,10871,1650,3933,40,799,45827,1275,118,37,3686,4,4631,35421,4821,119,9836,146614,194.3121318,424173.7605,2894,1870.305218,-164.4634294,23231,706884978,540,1266,3758,17667,23231,10.36757995,619.8329183,224.7177811
CHHATTISGARH,2012,24431400,998,593,26,1034,0,1034,450,350,100,64,4,412,3334,5341,2358,2983,910,170,925,53,330,10855,81,1601,162,980,0,2888,23387,262,344,4208,54598,194.3121273,424173.8562,1881,1871.461054,-166.4235628,9151,404517643,64,412,3334,5341,9151,12.47096674,631.7741328,229.6164
GOA,2012,1633033,45,35,3,55,0,55,24,16,8,6,0,25,356,915,300,615,122,64,205,16,34,266,0,49,16,24,0,233,1115,10,1,160,3608,194.3121289,424173.8193,122,1872.055535,-167.7211233,14635.30935,340861548.6,6,25,356,915,1302,13.54130349,639.236671,233.3671003
GUJARAT,2012,57731543,1126,557,43,473,0,473,1720,1527,193,287,19,1366,4695,15952,9057,6895,1758,1240,1361,216,282,10234,21,745,93,6658,0,5573,75702,1028,221,9517,130121,194.3121505,424173.3325,1327,1870.409191,-164.5129411,22300,1990981157,287,1366,4695,15952,22300,11.65166721,611.7183264,220.0249641
HARYANA,2012,26010282,991,910,68,668,0,668,1349,900,449,204,176,711,5129,17590,12979,4611,1424,740,1798,20,191,3277,258,525,434,3137,0,1484,21396,252,0,5922,62480,194.3121397,424173.5802,1015,1870.293037,-164.3485954,23634,1248049208,204,711,5129,17590,23634,10.7775722,616.2906095,221.6755412
HIMACHAL PRADESH,2012,7298240,113,53,9,183,0,183,172,152,20,1,0,10,928,769,265,504,494,137,373,1,131,1173,2,250,68,251,0,562,6877,129,3,906,12557,194.3121241,424173.9275,266,1872.030514,-167.6237665,1708,183466034,1,10,928,769,1708,12.5983892,637.23118,232.2161825
JAMMU & KASHMIR,2012,11726464,124,511,16,303,0,303,1093,1041,52,6,0,81,1395,2022,557,1465,1400,163,612,17,190,322,8,1322,347,301,0,371,14004,2,0,3322,24608,194.3121246,424173.9179,40,1871.890304,-167.3455856,3504,213931063,6,81,1395,2022,3504,12.4239673,636.2201485,231.412268
JHARKHAND,2012,31565703,1694,842,92,812,0,812,1056,786,270,284,33,494,1216,6680,2215,4465,2331,639,1566,14,136,4785,302,284,10,1261,3,1594,14818,696,287,3458,40946,194.3121254,424173.9018,113,1871.460961,-166.6416177,8674,267801586,284,494,1216,6680,8674,11.49488085,632.2741695,229.820451
KARNATAKA,2012,64017056,1860,1923,71,621,0,621,1451,1070,381,211,536,2207,5792,18418,8886,9532,7502,401,5822,84,416,20350,218,2978,100,3684,32,876,58468,2605,374,8703,134021,194.3121523,424173.2917,875,1870.077519,-163.8103468,26628,2117307630,211,2207,5792,18418,26628,11.41106368,609.7789801,217.8686385
KERALA,2012,34430444,374,497,107,1019,0,1019,281,214,67,72,289,725,2710,4078,1262,2816,10938,301,4681,68,568,21170,32,3735,498,5216,0,48,101582,810,124,10714,158989,194.3121295,424173.8057,1324,1871.584397,-166.66038,7585,554605620,72,725,2710,4078,7585,12.67454661,631.8949012,229.4975952
MADHYA PRADESH,2012,71677391,2373,2332,114,3425,0,3425,1302,1127,175,107,127,1940,10019,23182,12279,10903,1951,576,2021,31,814,35549,743,6655,774,3988,6,7721,114585,2875,1218,16718,220335,194.3121289,424173.8274,5168,1869.424438,-162.3633341,2347.309353,620236945.6,107,1940,10019,23182,35248,11.51474736,607.1797242,218.1620617
MAHARASHTRA,2012,114211021,2712,2168,171,1839,0,1839,1583,1140,443,793,322,6949,15648,47476,17855,29621,8860,1900,9398,291,1246,28392,329,3935,1294,7415,0,13311,46668,1091,308,15952,202700,194.3121288,424173.8349,3456,1866.612403,-156.8995345,-63188.69065,1854124500,793,6949,15648,47476,70866,6.819585006,560.2495211,194.0290352
MANIPUR,2012,2849347,83,409,4,63,0,63,223,133,90,8,171,3,53,903,736,167,72,67,136,2,74,285,0,49,1,43,0,2,1086,0,2,289,3737,194.3121225,424173.9638,104,1872.074415,-167.7925494,967,74142240,8,3,53,903,967,12.30228436,637.9921214,232.7648165
MEGHALAYA,2012,2745726,137,63,8,164,0,164,92,24,68,52,1,46,145,543,152,391,0,44,108,13,61,157,1,43,0,16,0,102,761,0,0,248,2557,194.3121226,424173.961,91,1872.0924,-167.8037867,786,82235761,52,46,145,543,786,12.40567711,638.20505,232.8598545
MIZORAM,2012,1002844,30,21,7,103,0,103,8,3,5,2,0,4,347,605,24,581,1,12,42,6,12,103,0,85,0,8,0,34,336,0,0,199,1766,194.3121224,424173.9664,95,1872.080942,-167.7701469,958,66226072,2,4,347,605,958,12.41466206,638.3183152,232.7859214
NAGALAND,2012,2368252,75,42,6,21,0,21,27,10,17,1,0,54,65,381,65,316,3,22,39,4,7,30,0,16,0,0,0,31,266,0,0,47,1090,194.3121228,424173.9579,13,1872.114328,-167.8500594,501,91378454,1,54,65,381,501,12.41808038,638.3269494,232.8337375
ODISHA,2012,44459384,1548,1879,54,1458,0,1458,1542,1364,178,402,99,1613,3430,9630,3210,6420,2205,317,1607,19,469,8223,525,4187,304,2638,0,3605,22203,2265,688,10476,67957,194.3121403,424173.563,418,1870.988833,-165.5455176,15075,1291015472,402,1613,3430,9630,15075,12.14007698,622.5095236,224.6308539
PUNJAB,2012,28379180,855,1045,104,680,1,679,919,689,230,48,184,213,2828,5272,2011,3261,1,289,3451,49,74,4186,118,340,31,1293,0,3405,10405,71,0,3151,35790,194.3121324,424173.7399,877,1871.517206,-166.5796029,8361,753164978,48,213,2828,5272,8361,12.51715772,629.2336045,228.3622508
RAJASTHAN,2012,65494555,1461,1538,98,2049,0,2049,3243,2697,546,31,74,807,4610,23314,14107,9207,573,682,19646,49,475,17614,478,2352,18,13312,0,8284,70240,5559,1351,20906,170948,194.3121492,424173.365,1807,1869.856397,-163.7195013,28762,1900879015,31,807,4610,23314,28762,10.03060516,606.5082523,217.8358183
SIKKIM,2012,644932,7,7,0,34,0,34,10,10,0,0,0,6,65,117,17,100,22,3,31,1,20,91,1,19,0,4,0,32,58,5,4,68,528,194.3121216,424173.985,30,1872.139486,-167.8943168,188,9583910,0,6,65,117,188,12.41381576,639.1504101,233.2093589
TAMIL NADU,2012,75118424,1949,2954,44,737,0,737,1945,1693,252,97,19,1898,4457,11996,3915,8081,3136,262,4151,377,726,22100,110,1494,382,1965,0,15499,124176,1647,27,6381,200474,194.3121403,424173.5643,1036,1870.726561,-165.0199348,18448,1290410413,97,1898,4457,11996,18448,11.89762075,621.0312591,223.2936385
TRIPURA,2012,3675296,124,79,2,229,0,229,139,114,25,7,0,60,239,565,140,425,128,47,105,9,59,1504,37,314,7,858,0,10,1742,76,29,1559,6264,194.3121289,424173.8192,20,1872.089726,-167.7850784,15659.30935,352599096.9,7,60,239,565,871,13.62085738,639.5450267,233.4970479
UTTAR PRADESH,2012,205888020,4966,4811,1410,1963,0,1963,8878,7910,968,322,68,3159,6187,37376,22773,14603,5676,3638,10713,205,327,12290,2244,3247,8,7661,0,14406,68538,6202,44,23033,198093,194.3121529,424173.2875,6033,1868.385374,-161.0369806,47044,2152334509,322,3159,6187,37376,47044,8.16408366,593.673623,212.6707221
UTTARAKHAND,2012,9501846,217,161,44,148,0,148,297,256,41,29,3,144,391,1913,949,964,369,137,529,22,17,1022,71,139,73,368,0,670,2118,33,3,1055,8882,194.3121243,424173.9245,122,1871.957127,-167.5570249,2477,193728474,29,144,391,1913,2477,12.25179159,636.3643274,231.8925043
WEST BENGAL,2012,91193022,2252,2854,522,2046,0,2046,5117,4168,949,279,875,816,464,22991,5158,17833,6611,1391,5300,352,396,15923,593,3345,556,19865,12,4385,64482,85,91,30585,161427,194.3121289,424173.8279,1706,1870.119942,-164.5999604,-46804.69065,885912959.1,279,816,464,22991,24550,7.44371043,620.0465262,224.5344188
A & N ISLANDS,2012,549368,15,3,0,12,0,12,8,7,1,5,0,2,71,71,0,71,8,5,31,1,4,62,2,17,4,5,0,6,351,0,4,47,683,86.63,424173.8757,28,1872.144292,-167.8958308,149,10824524,5,2,71,71,149,12.38347824,-627.7987578,-225.3623329
CHANDIGARH,2012,1144839,21,44,5,27,0,27,87,66,21,3,9,63,235,1549,894,655,49,34,234,2,9,42,5,45,25,73,0,3,1042,2,0,241,3606,86.05,424173.8522,96,1872.006088,-167.6555597,1850,83472950,3,63,235,1549,1850,12.16715292,-627.7341795,-225.5725839
D & N HAVELI,2012,259148,7,2,0,3,0,3,13,9,4,2,0,2,22,68,36,32,11,10,4,0,12,25,0,2,0,0,0,23,112,0,4,14,318,194.3121216,424173.9836,8,1872.146513,-167.9102518,94,13834365,2,2,22,68,94,12.41638631,639.1534021,233.222637
DAMAN & DIU,2012,191924,3,5,0,5,0,5,3,0,3,1,0,3,26,55,42,13,9,6,8,0,11,17,0,0,0,3,0,38,46,0,0,8,239,194.3121217,424173.9831,8,1872.147358,-167.9110998,85,15287800,1,3,26,55,85,12.42092083,639.1533483,233.2199511
LAKSHADWEEP,2012,74578,0,0,0,0,0,0,0,0,0,0,0,0,3,7,1,6,10,0,0,0,3,3,0,1,0,1,0,0,32,0,0,2,60,194.3121214,424173.988,0,1872.153043,-167.9231005,10,279975,0,0,3,7,10,12.4144651,639.3113512,233.2897774
PUDUCHERRY,2012,1148900,29,27,12,13,0,13,19,16,3,5,15,16,77,658,462,196,126,9,90,6,21,818,0,9,2,6,0,263,2060,24,0,46,4281,194.312122,424173.9753,32,1872.092463,-167.8178275,756,39238036,5,16,77,658,756,12.32489201,638.5042026,232.9210332
